Source Well,Destination Plate Name,Destination Well,Transfer Volume
D9,1,B2,100
E8,1,B2,100
K12,1,B3,100
D15,1,B3,100
N18,1,B4,100
O14,1,B4,100
D24,1,B5,100
J19,1,B5,100
A7,1,B6,100
C3,1,B6,100
H8,1,B7,100
A13,1,B8,100
J14,1,B8,100
H23,1,B9,100
D24,1,B9,100
D2,1,B10,100
E5,1,B10,100
G21,1,B11,25
P15,1,B11,175
F15,1,B12,100
O21,1,B12,100
C14,1,B13,200
A9,1,B14,100
P4,1,B14,100
C22,1,B15,50
O7,1,B15,50
A20,1,B16,100
O12,1,B16,100
E4,1,B17,100
L2,1,B17,100
E21,1,B18,150
P15,1,B18,50
P15,1,B19,200
P7,1,B20,100
P14,1,B21,100
E20,1,B22,100
G16,1,B22,100
D17,1,B23,100
B24,1,B23,100
N10,1,C2,100
C16,1,C3,100
D4,1,C3,100
L24,1,C4,100
A2,1,C4,100
E10,1,C5,100
M11,1,C5,100
M23,1,C6,100
N9,1,C6,100
H2,1,C7,100
H5,1,C7,100
B20,1,C8,100
I12,1,C9,100
H15,1,C10,100
M4,1,C10,100
K1,1,C11,200
J22,1,C12,100
O8,1,C12,100
D6,1,C13,100
B5,1,C13,100
G21,1,C14,50
P15,1,C14,150
H16,1,C15,200
K10,1,C16,100
I4,1,C16,100
O19,1,C17,200
J15,1,C18,100
D17,1,C18,100
B9,1,C19,200
G9,1,C20,200
M6,1,C21,100
A2,1,C21,100
P11,1,C22,100
J5,1,C22,100
H2,1,C23,200
L8,1,D2,100
K16,1,D2,100
E10,1,D3,25
M11,1,D3,175
B21,1,D4,200
J22,1,D5,100
J23,1,D5,100
P24,1,D6,100
F14,1,D7,100
L18,1,D7,100
D21,1,D8,100
M4,1,D9,200
N10,1,D10,100
J4,1,D10,100
M4,1,D11,100
I23,1,D11,100
P13,1,D12,100
J8,1,D12,100
M15,1,D13,100
P15,1,D13,100
I14,1,D14,100
M24,1,D14,100
F16,1,D15,100
O4,1,D15,100
E12,1,D16,100
L23,1,D16,100
C24,1,D17,100
D4,1,D17,100
P9,1,D18,200
D3,1,D19,100
K17,1,D19,100
E19,1,D20,100
N15,1,D20,100
B11,1,D21,100
I3,1,D21,100
C16,1,D22,200
B14,1,D23,200
E5,1,E2,100
M21,1,E3,100
J8,1,E4,100
P4,1,E4,100
E18,1,E5,150
O21,1,E5,50
L2,1,E6,100
E3,1,E7,100
J16,1,E8,100
P3,1,E8,100
H1,1,E9,100
O18,1,E10,100
D3,1,E10,100
P1,1,E11,100
D19,1,E11,100
E20,1,E12,100
E7,1,E12,100
K12,1,E13,100
O19,1,E13,100
B15,1,E14,100
J9,1,E14,100
J5,1,E15,100
B17,1,E15,100
H10,1,E16,100
G11,1,E16,100
J21,1,E17,200
C24,1,E18,100
D1,1,E18,100
E10,1,E19,25
F17,1,E19,175
M9,1,E20,100
M11,1,E20,100
A8,1,E21,100
L2,1,E21,100
G8,1,E22,100
O20,1,E22,100
F18,1,E23,100
P16,1,F2,100
H24,1,F2,100
P6,1,F3,100
J15,1,F3,100
E15,1,F4,100
D5,1,F4,100
C10,1,F5,100
I6,1,F5,100
F15,1,F6,200
G7,1,F6,200
P21,1,F7,100
P12,1,F7,100
P8,1,F8,200
F15,1,F9,100
G8,1,F9,100
J23,1,F10,100
I11,1,F10,100
D19,1,F11,100
E6,1,F11,100
F15,1,F12,200
O21,1,F12,200
F15,1,F13,50
O21,1,F13,50
C4,1,F14,100
D23,1,F14,100
F21,1,F15,100
F12,1,F15,100
B5,1,F16,200
M8,1,F17,100
D10,1,F17,100
B24,1,F18,200
E21,1,F19,200
A18,1,F20,100
N8,1,F20,100
L16,1,F21,100
B16,1,F21,100
C6,1,F22,100
H22,1,F22,100
H24,1,F23,100
H12,1,G2,200
F8,1,G3,100
O10,1,G3,100
H9,1,G4,100
A20,1,G4,100
H12,1,G5,100
O6,1,G5,100
F13,1,G6,100
I3,1,G6,100
H6,1,G7,100
E8,1,G8,200
B3,1,G9,100
E19,1,G9,100
F22,1,G10,100
O6,1,G10,100
C22,1,G11,200
O7,1,G11,200
C9,1,G12,100
I6,1,G13,100
C16,1,G13,100
B20,1,G14,100
H8,1,G14,100
C11,1,G15,100
G20,1,G15,100
L10,1,G16,100
D20,1,G17,100
K16,1,G17,100
K17,1,G18,200
B24,1,G19,100
E10,1,G19,100
J15,1,G20,200
J5,1,G21,200
F7,1,G22,175
G8,1,G22,25
P23,1,G23,100
O12,1,G23,100
I4,1,H2,200
A5,1,H3,100
F20,1,H4,100
K11,1,H5,100
L18,1,H5,100
L12,1,H6,100
O12,1,H7,200
E16,1,H8,200
P17,1,H8,200
O10,1,H9,100
G12,1,H9,100
E10,1,H10,100
F17,1,H10,100
H20,1,H11,100
A23,1,H11,100
D7,1,H12,100
A21,1,H12,100
P1,1,H13,100
C3,1,H13,100
C23,1,H14,100
K5,1,H15,100
G21,1,H15,100
A3,1,H16,200
O23,1,H17,100
I15,1,H17,100
P22,1,H18,100
A15,1,H18,100
B18,1,H19,100
C23,1,H19,100
N9,1,H20,100
N4,1,H20,100
G21,1,H21,150
P15,1,H21,50
A13,1,H22,100
L15,1,H22,100
A5,1,H23,100
M8,1,H23,100
E10,1,I2,50
M11,1,I2,150
P14,1,I3,100
C12,1,I3,100
N24,1,I4,100
G9,1,I5,100
O17,1,I5,100
E21,1,I6,175
P15,1,I6,25
C1,1,I7,100
D12,1,I7,100
F10,1,I8,200
C1,1,I9,100
E10,1,I10,50
F17,1,I10,150
B23,1,I11,100
J9,1,I12,100
P20,1,I12,100
P6,1,I13,200
N8,1,I14,100
P16,1,I14,100
F7,1,I15,150
G8,1,I15,50
A16,1,I16,100
D6,1,I16,100
L23,1,I17,100
H2,1,I17,100
A22,1,I18,100
C14,1,I18,100
P2,1,I19,100
E12,1,I19,100
C21,1,I20,100
A17,1,I20,100
F17,1,I21,100
H10,1,I21,100
D22,1,I22,100
I9,1,I22,100
M11,1,I23,100
J24,1,I23,100
L22,1,J2,100
C14,1,J2,100
A11,1,J3,100
I7,1,J4,100
O1,1,J4,100
O19,1,J5,100
H22,1,J5,100
I12,1,J6,100
E20,1,J6,100
E18,1,J7,100
O21,1,J7,100
G10,1,J8,200
C22,1,J9,100
O7,1,J9,100
D14,1,J10,100
J21,1,J10,100
P2,1,J11,200
M20,1,J12,100
L17,1,J12,100
I17,1,J13,100
H17,1,J13,100
N19,1,J14,100
F12,1,J14,100
O7,1,J15,200
E14,1,J16,100
G22,1,J17,100
J24,1,J17,100
C16,1,J18,100
L19,1,J18,100
E11,1,J19,200
E21,1,J20,100
P15,1,J20,100
O16,1,J21,100
A15,1,J21,100
D11,1,J22,100
G4,1,J23,100
G18,1,J23,100
E8,1,K2,100
E14,1,K2,100
B17,1,K3,100
M12,1,K3,100
H15,1,K4,100
G23,1,K4,100
K18,1,K5,100
O4,1,K5,100
M11,1,K6,100
F3,1,K6,100
E10,1,K7,175
F17,1,K7,25
D1,1,K8,200
B13,1,K9,100
G16,1,K10,100
G1,1,K11,100
B7,1,K11,100
K21,1,K12,100
G4,1,K12,100
P23,1,K13,100
F8,1,K13,100
F13,1,K14,100
L7,1,K14,100
B8,1,K15,100
H17,1,K15,100
F7,1,K16,25
G8,1,K16,175
B23,1,K17,100
A5,1,K17,100
E18,1,K18,25
O21,1,K18,175
F15,1,K19,100
G7,1,K19,100
F10,1,K20,100
N20,1,K20,100
E10,1,K21,175
M11,1,K21,25
I21,1,K22,100
K1,1,K22,100
C17,1,K23,100
L2,1,L2,100
C4,1,L2,100
M18,1,L3,200
C12,1,L4,100
A16,1,L4,100
D16,1,L5,100
M5,1,L5,100
E21,1,L6,50
P15,1,L6,150
G22,1,L7,100
B14,1,L7,100
G19,1,L8,100
F6,1,L8,100
F16,1,L9,200
F21,1,L10,100
P19,1,L10,100
G8,1,L11,100
G21,1,L11,100
G23,1,L12,100
F4,1,L12,100
A18,1,L13,100
H9,1,L13,100
C7,1,L14,100
H4,1,L14,100
F23,1,L15,100
E10,1,L15,100
B22,1,L16,100
I2,1,L17,100
A24,1,L18,100
O18,1,L18,100
E18,1,L19,175
O21,1,L19,25
G21,1,L20,100
P15,1,L20,100
H1,1,L21,100
K18,1,L21,100
P14,1,L22,100
H20,1,L22,100
I20,1,L23,100
A16,1,L23,100
B18,1,M2,200
K6,1,M3,200
E18,1,M4,50
O21,1,M4,150
C18,1,M5,100
E10,1,M6,150
M11,1,M6,50
F15,1,M7,50
G7,1,M7,50
E10,1,M8,150
F17,1,M8,50
B11,1,M9,100
J7,1,M9,100
E18,1,M10,100
O1,1,M10,100
I8,1,M11,100
J4,1,M12,200
F7,1,M13,50
G8,1,M13,150
M11,1,M14,100
C10,1,M14,100
E6,1,M15,100
G22,1,M16,100
A8,1,M17,200
H13,1,M18,100
K4,1,M18,100
I15,1,M19,100
E16,1,M19,100
E20,1,M20,100
F6,1,M20,100
F14,1,M21,100
A10,1,M21,100
E20,1,M22,100
A14,1,M23,100
C3,1,M23,100
H23,1,N2,200
I18,1,N3,100
M5,1,N3,100
M10,1,N4,100
O24,1,N4,100
K6,1,N5,100
M7,1,N5,100
H7,1,N6,200
D11,1,N7,100
C15,1,N7,100
G24,1,N8,100
J9,1,N8,100
G21,1,N9,175
P15,1,N9,25
E21,1,N10,25
P15,1,N10,175
M2,1,N11,100
D8,1,N12,100
E11,1,N12,100
A15,1,N13,200
I23,1,N14,100
N21,1,N14,100
E16,1,N15,100
P5,1,N16,100
A17,1,N16,100
L21,1,N17,100
E8,1,N17,100
L8,1,N18,200
E12,1,N19,100
M23,1,N20,100
H17,1,N21,100
P4,1,N21,100
O24,1,N22,100
O5,1,N22,100
F7,1,N23,100
G8,1,N23,100
C9,1,O2,100
F12,1,O2,100
E13,1,O3,100
C5,1,O4,200
G14,1,O5,100
D24,1,O5,100
E16,1,O6,100
P17,1,O6,100
J22,1,O7,200
J20,1,O8,200
E16,1,O9,50
P17,1,O9,50
O17,1,O10,100
O2,1,O11,200
M22,1,O12,100
C4,1,O12,100
A11,1,O13,100
C13,1,O13,100
I8,1,O14,100
N11,1,O14,100
D21,1,O15,100
J16,1,O15,100
D15,1,O16,200
I5,1,O17,100
K8,1,O17,100
K20,1,O18,200
K14,1,O19,100
B9,1,O19,100
E9,1,O20,100
D18,1,O21,100
H20,1,O21,100
D21,1,O22,100
O17,1,O22,100
N13,1,O23,100
B9,1,O23,100
E20,2,B2,175
P11,2,B2,25
O12,2,B3,100
M9,2,B3,100
H13,2,B4,100
N4,2,B5,100
M9,2,B6,100
M19,2,B6,100
O5,2,B7,100
I1,2,B8,100
C21,2,B9,200
F16,2,B10,100
D13,2,B10,100
A24,2,B11,100
C16,2,B12,100
N21,2,B12,100
K20,2,B13,100
F2,2,B13,100
P6,2,B14,100
M6,2,B14,100
D16,2,B15,100
F14,2,B15,100
P24,2,B16,200
F14,2,B17,100
H8,2,B17,100
O21,2,B18,200
E13,2,B19,100
F22,2,B19,100
P23,2,B20,100
O1,2,B20,100
E20,2,B21,50
P11,2,B21,150
E1,2,B22,100
G24,2,B22,100
H16,2,B23,100
F9,2,B23,100
M2,2,C2,100
E5,2,C2,100
J19,2,C3,100
A23,2,C3,100
M2,2,C4,200
D23,2,C5,150
G9,2,C5,50
G1,2,C6,100
M20,2,C6,100
K13,2,C7,200
I1,2,C8,100
F11,2,C8,100
J12,2,C9,100
K1,2,C9,100
L5,2,C10,200
F23,2,C11,200
O9,2,C11,200
N10,2,C12,100
K12,2,C12,100
L10,2,C13,100
M24,2,C13,100
O11,2,C14,100
F12,2,C14,100
A1,2,C15,100
O11,2,C16,100
N6,2,C16,100
E3,2,C17,100
G13,2,C17,100
E16,2,C18,100
F12,2,C18,100
E4,2,C19,100
E20,2,C20,100
C18,2,C20,100
B11,2,C21,100
I3,2,C21,100
N5,2,C22,100
N2,2,C22,100
B23,2,C23,100
A5,2,C23,100
L23,2,D2,100
H2,2,D2,100
G12,2,D3,100
N21,2,D4,100
I21,2,D4,100
M17,2,D5,100
E21,2,D5,100
M17,2,D6,100
P23,2,D6,100
C20,2,D7,175
O19,2,D7,25
D2,2,D8,200
N8,2,D9,100
O22,2,D9,100
B11,2,D10,100
G12,2,D10,100
N15,2,D11,100
K9,2,D11,100
L1,2,D12,100
D9,2,D12,100
O24,2,D13,100
K21,2,D13,100
G20,2,D14,100
E20,2,D15,100
P11,2,D15,100
K21,2,D16,100
D19,2,D16,100
M3,2,D17,100
C17,2,D18,100
N14,2,D18,100
J17,2,D19,100
K4,2,D19,100
L14,2,D20,200
A5,2,D21,100
E23,2,D21,100
F23,2,D22,100
O9,2,D22,100
A19,2,D23,200
B11,2,E2,200
A18,2,E3,100
F20,2,E3,100
A5,2,E4,200
P6,2,E5,100
E21,2,E5,100
K6,2,E6,100
J12,2,E6,100
B19,2,E7,100
H9,2,E7,100
L1,2,E8,100
N7,2,E8,100
P23,2,E9,100
J16,2,E10,100
J22,2,E10,100
F5,2,E11,25
M19,2,E11,175
F19,2,E12,100
D10,2,E12,100
K21,2,E13,100
P19,2,E13,100
E6,2,E14,200
O9,2,E14,200
B19,2,E15,100
C13,2,E16,100
F1,2,E17,100
C22,2,E18,100
K9,2,E18,100
E18,2,E19,100
M11,2,E19,100
I7,2,E20,100
J19,2,E20,100
C24,2,E21,25
E10,2,E21,175
C24,2,E22,50
E10,2,E22,150
G2,2,E23,100
B14,2,E23,100
B5,2,F2,100
K17,2,F2,100
O6,2,F3,200
H10,2,F4,100
G11,2,F4,100
H6,2,F5,100
F1,2,F5,100
G7,2,F6,100
K23,2,F6,100
F23,2,F7,100
P24,2,F7,100
D6,2,F8,100
B5,2,F8,100
M4,2,F9,100
M6,2,F10,100
I23,2,F10,100
H3,2,F11,200
K18,2,F12,100
G2,2,F12,100
G15,2,F13,100
I16,2,F13,100
E21,2,F14,100
C12,2,F14,100
F23,2,F15,50
O9,2,F15,50
F5,2,F16,150
M19,2,F16,50
A24,2,F17,100
O18,2,F17,100
F12,2,F18,100
N16,2,F19,100
N9,2,F19,100
J4,2,F20,100
A9,2,F20,100
C1,2,F21,100
D12,2,F21,100
G1,2,F22,100
N1,2,F22,100
D23,2,F23,25
G9,2,F23,175
G7,2,G2,50
O13,2,G2,50
I18,2,G3,100
M22,2,G4,100
J23,2,G4,100
F18,2,G5,100
L13,2,G5,100
F12,2,G6,100
F13,2,G6,100
E6,2,G7,100
B1,2,G7,100
D12,2,G8,100
P5,2,G8,100
H14,2,G9,100
B3,2,G9,100
E3,2,G10,100
H13,2,G10,100
E20,2,G11,100
G16,2,G11,100
F10,2,G12,100
A9,2,G12,100
C7,2,G13,100
C6,2,G13,100
G9,2,G14,100
J12,2,G14,100
D16,2,G15,100
D23,2,G16,175
G9,2,G16,25
L24,2,G17,100
P1,2,G18,100
N22,2,G18,100
K24,2,G19,200
G5,2,G20,100
I12,2,G21,100
J24,2,G21,100
G2,2,G22,200
P19,2,G23,100
O3,2,G23,100
L22,2,H2,100
E2,2,H2,100
B11,2,H3,100
H3,2,H3,100
N23,2,H4,100
K22,2,H4,100
E13,2,H5,50
G6,2,H5,150
O9,2,H6,100
E14,2,H7,100
P15,2,H7,100
A9,2,H8,100
F15,2,H9,100
B1,2,H9,100
N17,2,H10,200
P5,2,H11,100
A17,2,H11,100
E20,2,H12,150
P11,2,H12,50
N18,2,H13,100
G4,2,H13,100
N19,2,H14,100
F12,2,H14,100
O15,2,H15,100
G23,2,H15,100
J13,2,H16,100
G21,2,H16,100
B2,2,H17,100
N12,2,H18,100
E9,2,H18,100
F5,2,H19,100
M19,2,H19,100
E13,2,H20,25
G6,2,H20,175
O11,2,H21,100
C11,2,H21,100
E13,2,H22,175
G6,2,H22,25
E20,2,H23,25
P11,2,H23,175
L19,2,I2,100
K23,2,I2,100
M14,2,I3,100
O20,2,I4,100
G11,2,I4,100
O7,2,I5,100
F6,2,I6,100
H2,2,I6,100
O19,2,I7,200
P11,2,I7,200
G7,2,I8,100
C12,2,I8,100
M24,2,I9,200
O23,2,I10,100
H10,2,I11,100
M23,2,I12,100
M15,2,I12,100
H15,2,I13,100
G2,2,I13,100
G10,2,I14,100
I4,2,I14,100
D4,2,I15,100
G21,2,I15,100
B12,2,I16,100
A18,2,I16,100
P24,2,I17,100
A19,2,I17,100
H24,2,I18,100
H9,2,I18,100
B7,2,I19,100
K22,2,I19,100
D5,2,I20,100
H12,2,I20,100
G7,2,I21,100
O13,2,I21,100
A18,2,I22,200
B12,2,I23,100
F2,2,I23,100
C20,2,J2,100
D16,2,J2,100
L13,2,J3,100
I4,2,J4,100
A13,2,J5,100
C14,2,J5,100
I24,2,J6,100
D23,2,J7,50
G9,2,J7,150
J18,2,J8,100
B12,2,J8,100
M19,2,J9,100
F3,2,J9,100
K11,2,J10,200
L3,2,J11,100
E2,2,J12,100
G16,2,J12,100
M14,2,J13,100
F18,2,J13,100
N8,2,J14,200
O1,2,J15,100
H11,2,J15,100
F20,2,J16,200
B4,2,J17,100
M16,2,J17,100
O21,2,J18,100
N19,2,J18,100
E19,2,J19,100
D23,2,J19,100
G4,2,J20,100
D4,2,J21,100
D12,2,J21,100
M22,2,J22,100
N17,2,J22,100
I17,2,J23,200
J5,2,K2,100
D14,2,K3,200
H10,2,K4,100
L9,2,K4,100
K5,2,K5,100
M1,2,K5,100
C20,2,K6,150
O19,2,K6,50
B17,2,K7,100
B6,2,K7,100
A24,2,K8,100
L15,2,K8,100
B8,2,K9,100
G6,2,K10,200
B22,2,K11,100
I11,2,K11,100
J2,2,K12,100
D23,2,K13,100
G9,2,K13,100
F24,2,K14,200
G24,2,K15,100
N6,2,K15,100
O2,2,K16,100
D5,2,K17,100
N4,2,K18,100
D6,2,K18,100
C24,2,K19,100
E10,2,K19,100
E12,2,K20,100
O20,2,K20,100
G7,2,K21,200
O13,2,K21,200
E6,2,K22,100
D5,2,K22,100
M3,2,K23,100
J3,2,K23,100
G21,2,L2,100
I23,2,L3,100
D15,2,L4,100
P18,2,L4,100
E6,2,L5,100
O9,2,L5,100
A22,2,L6,200
D1,2,L7,100
K3,2,L8,100
B18,2,L8,100
I8,2,L9,100
N11,2,L9,100
N18,2,L10,100
K6,2,L10,100
E13,2,L11,150
G6,2,L11,50
F5,2,L12,100
M13,2,L12,100
F5,2,L13,175
M19,2,L13,25
C23,2,L14,100
K19,2,L14,100
E15,2,L15,100
N20,2,L16,200
L19,2,L17,200
I12,2,L18,100
H4,2,L18,100
O19,2,L19,100
P11,2,L19,100
L16,2,L20,100
E2,2,L20,100
E13,2,L21,100
G6,2,L21,100
J18,2,L22,100
C2,2,L22,100
K4,2,L23,100
H2,2,M2,100
M18,2,M2,100
N22,2,M3,100
O13,2,M3,100
F5,2,M4,50
M19,2,M4,150
O11,2,M5,200
L21,2,M6,100
P18,2,M6,100
P16,2,M7,200
G13,2,M8,100
I8,2,M9,100
C21,2,M9,100
C20,2,M10,100
H10,2,M10,100
A9,2,M11,100
P4,2,M11,100
B8,2,M12,100
H17,2,M12,100
D19,2,M13,100
B6,2,M14,100
B23,2,M14,100
K19,2,M15,200
L7,2,M16,200
E15,2,M17,100
J20,2,M17,100
O19,2,M18,50
P11,2,M18,50
N2,2,M19,200
I3,2,M20,100
E6,2,M20,100
O6,2,M21,100
P7,2,M21,100
C5,2,M22,100
O4,2,M22,100
J13,2,M23,100
D8,2,M23,100
G1,2,N2,100
M21,2,N3,100
E9,2,N3,100
E18,2,N4,100
N13,2,N4,100
C24,2,N5,175
E10,2,N5,25
H19,2,N6,100
N11,2,N6,100
M16,2,N7,100
O10,2,N8,100
G8,2,N8,100
B6,2,N9,100
C24,2,N10,150
E10,2,N10,50
J24,2,N11,200
F13,2,N12,100
L7,2,N12,100
C5,2,N13,100
K20,2,N14,100
C6,2,N14,100
E4,2,N15,100
M12,2,N15,100
D13,2,N16,200
J11,2,N17,100
I21,2,N17,100
J1,2,N18,100
O20,2,N18,100
C20,2,N19,50
O19,2,N19,150
E18,2,N20,100
D4,2,N21,200
N3,2,N22,200
H24,2,N23,100
F21,2,N23,100
K14,2,O2,100
B15,2,O2,100
M15,2,O3,100
H7,2,O3,100
C20,2,O4,25
O19,2,O4,175
I18,2,O5,100
E3,2,O5,100
N13,2,O6,200
C2,2,O7,200
G23,2,O8,100
M1,2,O8,100
C20,2,O9,100
O19,2,O9,100
C12,2,O10,100
L11,2,O11,200
F16,2,O12,100
G3,2,O12,100
M1,2,O13,100
P22,2,O13,100
E6,2,O14,50
O9,2,O14,50
B5,2,O15,100
I16,2,O15,100
D22,2,O16,100
C24,2,O17,100
G16,2,O17,100
C20,2,O18,200
H6,2,O19,100
E15,2,O19,100
K10,2,O20,100
P10,2,O20,100
O23,2,O21,100
I15,2,O21,100
P24,2,O22,100
L21,2,O22,100
J19,2,O23,100
L14,2,O23,100
M2,3,B2,100
B2,3,B2,100
P16,3,B3,100
I5,3,B3,100
N15,3,B4,100
I9,3,B4,100
P17,3,B5,200
B8,3,B6,100
I12,3,B6,100
D21,3,B7,100
K20,3,B7,100
B20,3,B8,100
F24,3,B8,100
M19,3,B9,25
P19,3,B9,175
L20,3,B10,100
C5,3,B10,100
N14,3,B11,100
B21,3,B11,100
K16,3,B12,100
B24,3,B12,100
M19,3,B13,100
P19,3,B13,100
E12,3,B14,100
M21,3,B14,100
E22,3,B15,100
E11,3,B15,100
B10,3,B16,100
G12,3,B16,100
P16,3,B17,100
O22,3,B18,100
F8,3,B19,100
J23,3,B20,200
M6,3,B21,200
O3,3,B22,100
G1,3,B22,100
A16,3,B23,100
D6,3,B23,100
A4,3,C2,100
B10,3,C2,100
E12,3,C3,25
M21,3,C3,175
J15,3,C4,100
F15,3,C4,100
K18,3,C5,100
N19,3,C6,100
F12,3,C6,100
M1,3,C7,200
P1,3,C8,100
D1,3,C8,100
B19,3,C9,200
D19,3,C10,100
E6,3,C10,100
O21,3,C11,100
E1,3,C11,100
F23,3,C12,100
K20,3,C12,100
N1,3,C13,100
O5,3,C13,100
A21,3,C14,100
G15,3,C14,100
P8,3,C15,100
P5,3,C16,100
A17,3,C16,100
J1,3,C17,175
J5,3,C17,25
C16,3,C18,100
I7,3,C18,100
E13,3,C19,100
M16,3,C19,100
B24,3,C20,100
E10,3,C20,100
G20,3,C21,100
P7,3,C21,100
A1,3,C22,200
M13,3,C22,200
N4,3,C23,100
M7,3,C23,100
K6,3,D2,100
J12,3,D2,100
M19,3,D3,175
P19,3,D3,25
E11,3,D4,100
H4,3,D4,100
F21,3,D5,100
K20,3,D5,100
M19,3,D6,150
P19,3,D6,50
J21,3,D7,100
B7,3,D7,100
P24,3,D8,100
K2,3,D8,100
L18,3,D9,100
B2,3,D10,100
E5,3,D10,100
K10,3,D11,100
C22,3,D12,25
F17,3,D12,175
A21,3,D13,175
G15,3,D13,25
N8,3,D14,100
G3,3,D14,100
F15,3,D15,100
G8,3,D15,100
J12,3,D16,100
A11,3,D16,100
L23,3,D17,100
K7,3,D18,100
D13,3,D18,100
A7,3,D19,200
J1,3,D20,150
J5,3,D20,50
F23,3,D21,200
F5,3,D22,100
O13,3,D22,100
D5,3,D23,100
I13,3,D23,100
A20,3,E2,100
H16,3,E2,100
H5,3,E3,100
D20,3,E3,100
D11,3,E4,100
A1,3,E4,100
O24,3,E5,200
G11,3,E6,200
K13,3,E7,100
O12,3,E8,100
J1,3,E9,100
J5,3,E9,100
D2,3,E10,100
I21,3,E10,100
E4,3,E11,100
A5,3,E11,100
F24,3,E12,100
G8,3,E12,100
G13,3,E13,200
M21,3,E14,100
N19,3,E14,100
L7,3,E15,100
I20,3,E15,100
J7,3,E16,100
F5,3,E17,200
O13,3,E17,200
A11,3,E18,200
P4,3,E19,100
N20,3,E19,100
K11,3,E20,100
N7,3,E20,100
M19,3,E21,100
I4,3,E21,100
N3,3,E22,100
A11,3,E22,100
B15,3,E23,200
L21,3,F2,100
P18,3,F2,100
P15,3,F3,100
J21,3,F3,100
O20,3,F4,200
A8,3,F5,175
G21,3,F5,25
D15,3,F6,100
E13,3,F6,100
D14,3,F7,100
F23,3,F8,50
I11,3,F8,150
C16,3,F9,100
I1,3,F10,100
E11,3,F10,100
F21,3,F11,200
D23,3,F12,100
E10,3,F12,100
G3,3,F13,100
I3,3,F13,100
A6,3,F14,100
P17,3,F14,100
G21,3,F15,200
L8,3,F16,100
O9,3,F16,100
G3,3,F17,100
D20,3,F17,100
J1,3,F18,25
J5,3,F18,175
A9,3,F19,100
P4,3,F19,100
E2,3,F20,200
A1,3,F21,50
M13,3,F21,50
B15,3,F22,100
C8,3,F22,100
H11,3,F23,200
N2,3,G2,100
K4,3,G2,100
F5,3,G3,50
O13,3,G3,50
O23,3,G4,100
I15,3,G4,100
M1,3,G5,100
P22,3,G5,100
D20,3,G6,100
D3,3,G6,100
A24,3,G7,100
K6,3,G7,100
A6,3,G8,100
O6,3,G8,100
L4,3,G9,100
P19,3,G10,100
H18,3,G10,100
J10,3,G11,100
P22,3,G11,100
N8,3,G12,100
B5,3,G12,100
C19,3,G13,100
A1,3,G14,100
L1,3,G14,100
C1,3,G15,100
I4,3,G15,100
B9,3,G16,100
E23,3,G17,100
P12,3,G18,100
P21,3,G19,100
G6,3,G19,100
I2,3,G20,100
N19,3,G20,100
C18,3,G21,100
H8,3,G21,100
N13,3,G22,100
L4,3,G22,100
H19,3,G23,100
H6,3,H2,100
G18,3,H2,100
B22,3,H3,100
D8,3,H3,100
E22,3,H4,100
A1,3,H5,100
P16,3,H5,100
F4,3,H6,100
P17,3,H6,100
N12,3,H7,100
D3,3,H7,100
B12,3,H8,100
K24,3,H9,100
E1,3,H9,100
J15,3,H10,100
M9,3,H11,200
K8,3,H12,100
D22,3,H12,100
A10,3,H13,100
J4,3,H13,100
N22,3,H14,100
E21,3,H14,100
M11,3,H15,200
G5,3,H16,100
L17,3,H16,100
N15,3,H17,100
E12,3,H18,200
D19,3,H19,100
D24,3,H19,100
L19,3,H20,100
L21,3,H21,200
H8,3,H22,200
E15,3,H23,100
N1,3,H23,100
C18,3,I2,200
A15,3,I3,100
C11,3,I3,100
O8,3,I4,100
F10,3,I5,100
G20,3,I5,100
P21,3,I6,100
J17,3,I6,100
P11,3,I7,100
A10,3,I8,100
F11,3,I8,100
L21,3,I9,100
P17,3,I9,100
B4,3,I10,200
D15,3,I11,100
K16,3,I12,100
J4,3,I12,100
A8,3,I13,25
G21,3,I13,175
A6,3,I14,200
P17,3,I14,200
N18,3,I15,100
E12,3,I16,50
M21,3,I16,150
A6,3,I17,50
P17,3,I17,50
A8,3,I18,150
G21,3,I18,50
O7,3,I19,100
G16,3,I19,100
G24,3,I20,100
C18,3,I21,100
N13,3,I21,100
L9,3,I22,200
P10,3,I23,100
C22,3,J2,50
F17,3,J2,150
H3,3,J3,100
C14,3,J3,100
N3,3,J4,100
C19,3,J4,100
F5,3,J5,100
A21,3,J6,50
G15,3,J6,150
G6,3,J7,100
O21,3,J7,100
D2,3,J8,100
L2,3,J9,100
J3,3,J9,100
F1,3,J10,100
N17,3,J10,100
M10,3,J11,100
N19,3,J12,100
F4,3,J13,200
O18,3,J14,100
D23,3,J15,200
B23,3,J16,100
A5,3,J16,100
A8,3,J17,100
G21,3,J17,100
G16,3,J18,100
C2,3,J18,100
B8,3,J19,100
H17,3,J19,100
I11,3,J20,200
H23,3,J21,100
D24,3,J21,100
M19,3,J22,50
P19,3,J22,150
K7,3,J23,200
H7,3,K2,100
J6,3,K3,200
F23,3,K4,25
I11,3,K4,175
K24,3,K5,100
C3,3,K5,100
I16,3,K6,100
N15,3,K6,100
E4,3,K7,100
N15,3,K7,100
M17,3,K8,200
I13,3,K9,100
J16,3,K10,100
E13,3,K10,100
N16,3,K11,100
G13,3,K11,100
D7,3,K12,100
C23,3,K12,100
B19,3,K13,100
L9,3,K13,100
O23,3,K14,100
G22,3,K14,100
D8,3,K15,100
D4,3,K15,100
E19,3,K16,100
D14,3,K16,100
I19,3,K17,100
G14,3,K17,100
H21,3,K18,100
K15,3,K19,200
A10,3,K20,200
B5,3,K21,100
A1,3,K21,100
N17,3,K22,100
J22,3,K22,100
F20,3,K23,100
C2,3,K23,100
J7,3,L2,100
K9,3,L2,100
A9,3,L3,100
K15,3,L3,100
A8,3,L4,50
G21,3,L4,150
C2,3,L5,100
M21,3,L5,100
A21,3,L6,100
H20,3,L6,100
L24,3,L7,200
B18,3,L8,100
C23,3,L8,100
O14,3,L9,200
I3,3,L10,200
F23,3,L11,150
I11,3,L11,50
N10,3,L12,100
J4,3,L12,100
C22,3,L13,175
F17,3,L13,25
B22,3,L14,100
M4,3,L14,100
C22,3,L15,150
F17,3,L15,50
K14,3,L16,100
J11,3,L16,100
K23,3,L17,200
G7,3,L18,100
O3,3,L18,100
O22,3,L19,100
I9,3,L19,100
F1,3,L20,100
F17,3,L20,100
P19,3,L21,200
M24,3,L22,100
G10,3,L23,100
F7,3,L23,100
O1,3,M2,100
H11,3,M2,100
F23,3,M3,175
I11,3,M3,25
F2,3,M4,100
E12,3,M5,150
M21,3,M5,50
I8,3,M6,100
N11,3,M6,100
M8,3,M7,100
M10,3,M7,100
O1,3,M8,200
L9,3,M9,100
G9,3,M9,100
B13,3,M10,200
N6,3,M11,100
O21,3,M11,100
M23,3,M12,100
H23,3,M12,100
C22,3,M13,100
F17,3,M13,100
C18,3,M14,100
K7,3,M14,100
G24,3,M15,100
G20,3,M15,100
H11,3,M16,100
F22,3,M16,100
P6,3,M17,100
J15,3,M17,100
O23,3,M18,200
O18,3,M19,100
M8,3,M19,100
K24,3,M20,100
F10,3,M21,100
A9,3,M21,100
K12,3,M22,100
P22,3,M23,100
A1,3,N2,100
M13,3,N2,100
H9,3,N3,100
N11,3,N4,100
J3,3,N4,100
E16,3,N5,200
P1,3,N6,100
D19,3,N6,100
O12,3,N7,100
C7,3,N7,100
L5,3,N8,100
L19,3,N9,100
N21,3,N9,100
A21,3,N10,100
D3,3,N11,100
P11,3,N11,100
I14,3,N12,100
E5,3,N12,100
B18,3,N13,100
N10,3,N14,100
O2,3,N14,100
J1,3,N15,50
J5,3,N15,150
H24,3,N16,200
F9,3,N17,100
L16,3,N17,100
F19,3,N18,100
E20,3,N19,100
G16,3,N19,100
C13,3,N20,100
N24,3,N20,100
G13,3,N21,100
D7,3,N21,100
D16,3,N22,100
A15,3,N22,100
D17,3,N23,100
B3,3,N23,100
L22,3,O2,200
N12,3,O3,100
F23,3,O4,100
I11,3,O4,100
H1,3,O5,200
L23,3,O6,100
H2,3,O6,100
G19,3,O7,200
L22,3,O8,100
C14,3,O8,100
G19,3,O9,100
O8,3,O9,100
H20,3,O10,100
C15,3,O11,100
E17,3,O11,100
C13,3,O12,200
K14,3,O13,100
B9,3,O13,100
A21,3,O14,150
G15,3,O14,50
I2,3,O15,200
P20,3,O16,200
A21,3,O17,25
G15,3,O17,175
D16,3,O18,200
F5,3,O19,100
L20,3,O19,100
E12,3,O20,175
M21,3,O20,25
E22,3,O21,100
O7,3,O21,100
L6,3,O22,200
C20,3,O23,100
L20,3,O23,100
I5,4,B2,100
L8,4,B2,100
L22,4,B3,100
C14,4,B3,100
N24,4,B4,100
D6,4,B4,100
P15,4,B5,100
C1,4,B6,100
D12,4,B6,100
D17,4,B7,100
G16,4,B7,100
F13,4,B8,200
E2,4,B9,100
G22,4,B9,100
A10,4,B10,100
L17,4,B10,100
J18,4,B11,100
O23,4,B11,100
D16,4,B12,100
F14,4,B12,100
D18,4,B13,200
E13,4,B14,200
B18,4,B15,100
C23,4,B15,100
B23,4,B16,200
F19,4,B17,200
O19,4,B17,200
N6,4,B18,100
K17,4,B18,100
L20,4,B19,100
C5,4,B19,100
C14,4,B20,175
H11,4,B20,25
L9,4,B21,100
C16,4,B21,100
I10,4,B22,100
E10,4,B23,100
N18,4,C2,200
D12,4,C3,200
E12,4,C4,175
I9,4,C4,25
D8,4,C5,100
M19,4,C6,100
D11,4,C6,100
E12,4,C7,150
I9,4,C7,50
C8,4,C8,200
G21,4,C9,100
L22,4,C9,100
F15,4,C10,50
O21,4,C10,150
O3,4,C11,100
A7,4,C11,100
F23,4,C12,100
P23,4,C12,100
F9,4,C13,100
M12,4,C13,100
J5,4,C14,100
L23,4,C14,100
E21,4,C15,100
L21,4,C16,100
I10,4,C16,100
I16,4,C17,200
M14,4,C18,100
N14,4,C18,100
J11,4,C19,200
K6,4,C20,100
J12,4,C20,100
G18,4,C21,100
B17,4,C21,100
F17,4,C22,50
J13,4,C22,50
J2,4,C23,100
M13,4,C23,100
J1,4,D2,100
O20,4,D2,100
J2,4,D3,100
C6,4,D3,100
O18,4,D4,100
F19,4,D4,100
B11,4,D5,100
I3,4,D5,100
K17,4,D6,100
G5,4,D6,100
O15,4,D7,100
B3,4,D7,100
I14,4,D8,100
C14,4,D9,25
H11,4,D9,175
F3,4,D10,100
H17,4,D10,100
G6,4,D11,150
I9,4,D11,50
O12,4,D12,100
C7,4,D12,100
L12,4,D13,100
B23,4,D13,100
G1,4,D14,100
M20,4,D14,100
H11,4,D15,100
F22,4,D15,100
N13,4,D16,100
L6,4,D16,100
G20,4,D17,100
D10,4,D17,100
A14,4,D18,100
F20,4,D18,100
L12,4,D19,200
J8,4,D20,100
J18,4,D20,100
G6,4,D21,25
I9,4,D21,175
J16,4,D22,100
E13,4,D22,100
M16,4,D23,200
C7,4,E2,200
L19,4,E3,100
G15,4,E3,100
K11,4,E4,100
O15,4,E4,100
M14,4,E5,100
M13,4,E5,100
P5,4,E6,100
A17,4,E6,100
K17,4,E7,100
M8,4,E7,100
H23,4,E8,100
N10,4,E9,100
H7,4,E9,100
F7,4,E10,100
K18,4,E10,100
E12,4,E11,50
I9,4,E11,150
M8,4,E12,100
F18,4,E13,200
H12,4,E14,100
O6,4,E14,100
P22,4,E15,200
H15,4,E16,100
L12,4,E16,100
E2,4,E17,50
G22,4,E17,150
C14,4,E18,50
H11,4,E18,150
G4,4,E19,100
M20,4,E19,100
F4,4,E20,100
O19,4,E20,100
L6,4,E21,100
D2,4,E21,100
M4,4,E22,100
D18,4,E22,100
I2,4,E23,100
M18,4,E23,100
H2,4,F2,100
C13,4,F3,100
M9,4,F3,100
M17,4,F4,100
D6,4,F4,100
C3,4,F5,100
N3,4,F5,100
I8,4,F6,100
F16,4,F6,100
I23,4,F7,100
E19,4,F7,100
O3,4,F8,100
G6,4,F9,175
I9,4,F9,25
A12,4,F10,100
J3,4,F11,100
M21,4,F12,100
N6,4,F12,100
A18,4,F13,100
F2,4,F13,100
D7,4,F14,100
D23,4,F14,100
I13,4,F15,100
M7,4,F15,100
P7,4,F16,100
J10,4,F16,100
M20,4,F17,100
J24,4,F18,100
K8,4,F18,100
H23,4,F19,150
P17,4,F19,50
M13,4,F20,200
F7,4,F21,100
L5,4,F21,100
L5,4,F22,100
O2,4,F22,100
H10,4,F23,100
G11,4,F23,100
N11,4,G2,100
L4,4,G2,100
B3,4,G3,100
F15,4,G4,100
M16,4,G4,100
E23,4,G5,100
D14,4,G5,100
L1,4,G6,100
A9,4,G7,100
P4,4,G7,100
K24,4,G8,100
G10,4,G8,100
F17,4,G9,150
G20,4,G9,50
D9,4,G10,100
M13,4,G10,100
I2,4,G11,100
K2,4,G11,100
F17,4,G12,100
J13,4,G12,100
K13,4,G13,100
H16,4,G13,100
F17,4,G14,50
G20,4,G14,150
E17,4,G15,100
L12,4,G15,100
N11,4,G16,100
M3,4,G16,100
A21,4,G17,100
G12,4,G17,100
H23,4,G18,175
P17,4,G18,25
B2,4,G19,200
E1,4,G20,100
M24,4,G21,100
A12,4,G21,100
O9,4,G22,100
I5,4,G22,100
P1,4,G23,100
L6,4,G23,100
J6,4,H2,100
P4,4,H3,200
F15,4,H4,175
O21,4,H4,25
O4,4,H5,200
K18,4,H6,100
N23,4,H6,100
B22,4,H7,200
E24,4,H8,100
J7,4,H9,100
J1,4,H9,100
K9,4,H10,100
J14,4,H11,100
J9,4,H12,100
N20,4,H12,100
C15,4,H13,100
O18,4,H13,100
J18,4,H14,100
B12,4,H14,100
L19,4,H15,100
P10,4,H15,100
F15,4,H16,100
G8,4,H16,100
G12,4,H17,200
L9,4,H18,100
A6,4,H19,100
H21,4,H19,100
F24,4,H20,100
G19,4,H20,100
O1,4,H21,100
H11,4,H21,100
L4,4,H22,100
E7,4,H22,100
D8,4,H23,100
D4,4,H23,100
O9,4,I2,100
B16,4,I2,100
H1,4,I3,100
L16,4,I3,100
N12,4,I4,200
B4,4,I5,100
O17,4,I5,100
F7,4,I6,100
B9,4,I6,100
M16,4,I7,100
F10,4,I7,100
N13,4,I8,100
L4,4,I8,100
O11,4,I9,50
P11,4,I9,50
H1,4,I10,100
H10,4,I10,100
F17,4,I11,200
J13,4,I11,200
F15,4,I12,25
O21,4,I12,175
O20,4,I13,100
L10,4,I13,100
C9,4,I14,100
E7,4,I14,100
H23,4,I15,25
P17,4,I15,175
F17,4,I16,175
G20,4,I16,25
K12,4,I17,200
D17,4,I18,200
P1,4,I19,100
D19,4,I19,100
G17,4,I20,200
A23,4,I21,100
F19,4,I22,100
E22,4,I22,100
H18,4,I23,100
P12,4,I23,100
M13,4,J2,100
G9,4,J2,100
C9,4,J3,200
H10,4,J4,200
A16,4,J5,100
M23,4,J6,200
P5,4,J7,100
M22,4,J7,100
D6,4,J8,100
K3,4,J9,100
O7,4,J9,100
O8,4,J10,100
M4,4,J10,100
G5,4,J11,100
C11,4,J11,100
I22,4,J12,200
M5,4,J13,200
G6,4,J14,100
I9,4,J14,100
B7,4,J15,100
E24,4,J15,100
I9,4,J16,200
N19,4,J17,100
P6,4,J17,100
C11,4,J18,100
O23,4,J18,100
H21,4,J19,100
A15,4,J19,100
D6,4,J20,100
B5,4,J20,100
G20,4,J21,200
E22,4,J22,200
N12,4,J23,100
N9,4,J23,100
J9,4,K2,100
L8,4,K2,100
G6,4,K3,50
I9,4,K3,150
O11,4,K4,100
P11,4,K4,100
M9,4,K5,100
M11,4,K5,100
B24,4,K6,100
L2,4,K6,100
E2,4,K7,25
G22,4,K7,175
L3,4,K8,100
M18,4,K8,100
O23,4,K9,100
G23,4,K9,100
E12,4,K10,25
I9,4,K10,175
L4,4,K11,100
P12,4,K11,100
N18,4,K12,100
P7,4,K12,100
A3,4,K13,100
K6,4,K13,100
G15,4,K14,100
F15,4,K15,100
L13,4,K15,100
K1,4,K16,100
K11,4,K16,100
F13,4,K17,100
L7,4,K17,100
C17,4,K18,200
H13,4,K19,100
C22,4,K19,100
M22,4,K20,200
C14,4,K21,100
H11,4,K21,100
G11,4,K22,100
C1,4,K22,100
K14,4,K23,200
C20,4,L2,100
P17,4,L3,100
B7,4,L3,100
G8,4,L4,200
K16,4,L5,100
J4,4,L5,100
E16,4,L6,100
P3,4,L6,100
E2,4,L7,100
E3,4,L8,100
L15,4,L8,100
M23,4,L9,100
L20,4,L9,100
C17,4,L10,100
P12,4,L10,100
O11,4,L11,200
P11,4,L11,200
O5,4,L12,100
B14,4,L12,100
M13,4,L13,100
J19,4,L13,100
D16,4,L14,100
K14,4,L14,100
N1,4,L15,100
C3,4,L15,100
K10,4,L16,200
I21,4,L17,100
C14,4,L18,150
H11,4,L18,50
K6,4,L19,100
G2,4,L20,100
D14,4,L20,100
L21,4,L21,100
J20,4,L22,100
H6,4,L22,100
E19,4,L23,200
E1,4,M2,100
A9,4,M2,100
I18,4,M3,100
G11,4,M3,100
E13,4,M4,100
C22,4,M4,100
F19,4,M5,100
O19,4,M5,100
P21,4,M6,100
E8,4,M7,100
J9,4,M8,200
D19,4,M9,100
E6,4,M9,100
F20,4,M10,100
M12,4,M10,100
C1,4,M11,100
H11,4,M11,100
F12,4,M12,200
O15,4,M13,100
L3,4,M13,100
I7,4,M14,200
F19,4,M15,50
O19,4,M15,50
P13,4,M16,200
A16,4,M17,100
D6,4,M17,100
H23,4,M18,50
P17,4,M18,150
D11,4,M19,200
C24,4,M20,100
F15,4,M21,150
O21,4,M21,50
I20,4,M22,100
E2,4,M23,150
G22,4,M23,50
L4,4,N2,100
P1,4,N2,100
K20,4,N3,100
J11,4,N3,100
C18,4,N4,100
E8,4,N4,100
H23,4,N5,100
D24,4,N5,100
B24,4,N6,100
E10,4,N6,100
P14,4,N7,100
F11,4,N7,100
F17,4,N8,25
G20,4,N8,175
H4,4,N9,100
F22,4,N9,100
H23,4,N10,100
P17,4,N10,100
F15,4,N11,100
O21,4,N11,100
H13,4,N12,100
K4,4,N12,100
D9,4,N13,200
N7,4,N14,100
E11,4,N15,100
I7,4,N16,100
C10,4,N16,100
J1,4,N17,100
O9,4,N18,200
C7,4,N19,100
G9,4,N19,100
L16,4,N20,200
B16,4,N21,200
H9,4,N22,100
B6,4,N22,100
L1,4,N23,100
J17,4,N23,100
F17,4,O2,100
G20,4,O2,100
N6,4,O3,100
B2,4,O4,100
D21,4,O4,100
N1,4,O5,200
E2,4,O6,175
G22,4,O6,25
A1,4,O7,200
E12,4,O8,100
I9,4,O8,100
D8,4,O9,100
I19,4,O9,100
P11,4,O10,200
K19,4,O11,100
L23,4,O11,100
F23,4,O12,100
E10,4,O12,100
I20,4,O13,100
H5,4,O13,100
H18,4,O14,100
D17,4,O15,100
B3,4,O15,100
G10,4,O16,100
B15,4,O16,100
G23,4,O17,100
E9,4,O18,100
O21,4,O18,100
N15,4,O19,100
K9,4,O19,100
H23,4,O20,100
C20,4,O20,100
O5,4,O21,200
L10,4,O22,100
A19,4,O22,100
L20,4,O23,100
H2,4,O23,100
F1,5,B2,100
A17,5,B2,100
B23,5,B3,100
A5,5,B3,100
A21,5,B4,200
B1,5,B5,100
C4,5,B5,100
C1,5,B6,200
I17,5,B7,100
K10,5,B7,100
E10,5,B8,50
J9,5,B8,50
M2,5,B9,100
I14,5,B9,100
E24,5,B10,200
E24,5,B11,100
D4,5,B11,100
B11,5,B12,100
I3,5,B12,100
I15,5,B13,100
N23,5,B14,100
C24,5,B15,200
J4,5,B16,100
I23,5,B16,100
N11,5,B17,100
C4,5,B18,100
C10,5,B19,100
A23,5,B19,100
K8,5,B20,100
P6,5,B20,100
D20,5,B21,100
J1,5,B22,50
O11,5,B22,50
M23,5,B23,100
B1,5,B23,100
F15,5,C2,200
J9,5,C2,200
O8,5,C3,100
E15,5,C3,100
M17,5,C4,25
O13,5,C4,175
E14,5,C5,100
P5,5,C5,100
G1,5,C6,25
G3,5,C6,175
G24,5,C7,100
L5,5,C7,100
E6,5,C8,150
O21,5,C8,50
D23,5,C9,100
G13,5,C10,100
P7,5,C10,100
M5,5,C11,100
P20,5,C11,100
N12,5,C12,100
E6,5,C12,100
L18,5,C13,100
I6,5,C13,100
K19,5,C14,100
F11,5,C15,200
N10,5,C16,100
J4,5,C16,100
H1,5,C17,100
M1,5,C17,100
H11,5,C18,100
L5,5,C18,100
D7,5,C19,100
K11,5,C19,100
L23,5,C20,100
B10,5,C20,100
N14,5,C21,100
H10,5,C21,100
B10,5,C22,100
A7,5,C22,100
K23,5,C23,100
G15,5,C23,100
J11,5,D2,100
K12,5,D3,100
G17,5,D3,100
G24,5,D4,200
J5,5,D5,100
I24,5,D5,100
L20,5,D6,100
C5,5,D6,100
A6,5,D7,100
H19,5,D8,100
F14,5,D8,100
D23,5,D9,50
G2,5,D9,150
H12,5,D10,100
O6,5,D10,100
L21,5,D11,100
P18,5,D11,100
O20,5,D12,100
C12,5,D13,200
C3,5,D14,100
M1,5,D15,100
P22,5,D15,100
I8,5,D16,100
J4,5,D16,100
C23,5,D17,200
E6,5,D18,50
O21,5,D18,150
G1,5,D19,100
M20,5,D19,100
A24,5,D20,100
O18,5,D20,100
N13,5,D21,100
L4,5,D21,100
K16,5,D22,100
J4,5,D22,100
G19,5,D23,100
P14,5,E2,100
A24,5,E2,100
C22,5,E3,100
O19,5,E4,100
K16,5,E4,100
P20,5,E5,100
G12,5,E5,100
M17,5,E6,50
O13,5,E6,150
A3,5,E7,100
F2,5,E8,100
J14,5,E8,100
H16,5,E9,100
C8,5,E9,100
I13,5,E10,200
B1,5,E11,200
C6,5,E12,100
J8,5,E12,100
E12,5,E13,100
P9,5,E13,100
G8,5,E14,100
A20,5,E15,200
A10,5,E16,100
A17,5,E16,100
M17,5,E17,100
O13,5,E17,100
E2,5,E18,50
O15,5,E18,150
I17,5,E19,100
B12,5,E19,100
B11,5,E20,100
L10,5,E20,100
A2,5,E21,100
L22,5,E22,100
C14,5,E22,100
O1,5,E23,100
J16,5,F2,100
E13,5,F2,100
A23,5,F3,100
M4,5,F3,100
E8,5,F4,100
G17,5,F4,100
F6,5,F5,100
I16,5,F6,100
H14,5,F7,100
D19,5,F8,100
A1,5,F8,100
I20,5,F9,200
H11,5,F10,100
F22,5,F10,100
E2,5,F11,150
O15,5,F11,50
E6,5,F12,175
O21,5,F12,25
H11,5,F13,100
N10,5,F13,100
H17,5,F14,100
I13,5,F14,100
L12,5,F15,100
D8,5,F15,100
G9,5,F16,100
A13,5,F16,100
F18,5,F17,100
P18,5,F17,100
B1,5,F18,100
C21,5,F18,100
D22,5,F19,100
O7,5,F19,100
D23,5,F20,100
I15,5,F20,100
I22,5,F21,100
O19,5,F21,100
D5,5,F22,200
G6,5,F23,100
J12,5,F23,100
A16,5,G2,100
D6,5,G2,100
G1,5,G3,100
G3,5,G3,100
E5,5,G4,100
B12,5,G4,100
G13,5,G5,100
M10,5,G5,100
D23,5,G6,150
G2,5,G6,50
G17,5,G7,100
D17,5,G8,100
D23,5,G9,25
G3,5,G9,175
B8,5,G10,100
B17,5,G10,100
H21,5,G11,100
K3,5,G11,100
H10,5,G12,100
G11,5,G12,100
L12,5,G13,100
G15,5,G13,100
G14,5,G14,100
N8,5,G14,100
D23,5,G15,100
G2,5,G15,100
I17,5,G16,100
N7,5,G17,100
I2,5,G17,100
D24,5,G18,100
M9,5,G18,100
J9,5,G19,100
L5,5,G20,100
E24,5,G20,100
M7,5,G21,200
I6,5,G22,200
J21,5,G23,100
O1,5,G23,100
B17,5,H2,100
B12,5,H3,100
J8,5,H3,100
P13,5,H4,100
K18,5,H4,100
M22,5,H5,100
J15,5,H5,100
F1,5,H6,200
O14,5,H7,100
H13,5,H7,100
A7,5,H8,100
E10,5,H9,200
J9,5,H9,200
P23,5,H10,200
J14,5,H11,100
L3,5,H11,100
F15,5,H12,100
F15,5,H13,100
J9,5,H13,100
F6,5,H14,100
B18,5,H14,100
B4,5,H15,100
A2,5,H15,100
P18,5,H16,100
I13,5,H16,100
N16,5,H17,200
G18,5,H18,100
K14,5,H19,100
B9,5,H19,100
J14,5,H20,100
D2,5,H20,100
J10,5,H21,200
I19,5,H22,100
E24,5,H22,100
O10,5,H23,200
N15,5,I2,100
K9,5,I2,100
I22,5,I3,100
H12,5,I3,100
I9,5,I4,100
P13,5,I4,100
G1,5,I5,50
G3,5,I5,150
D16,5,I6,100
F14,5,I6,100
B24,5,I7,100
H21,5,I8,200
J18,5,I9,100
B12,5,I9,100
D10,5,I10,200
A14,5,I11,100
H23,5,I11,100
O24,5,I12,100
E23,5,I13,200
I17,5,I14,100
A2,5,I14,100
D23,5,I15,150
G3,5,I15,50
P18,5,I16,100
B5,5,I17,100
N9,5,I17,100
C1,5,I18,100
D12,5,I18,100
E20,5,I19,100
D2,5,I19,100
A9,5,I20,100
J18,5,I20,100
G1,5,I21,150
G3,5,I21,50
H5,5,I22,100
F19,5,I23,100
L22,5,I23,100
A23,5,J2,200
N1,5,J3,100
B8,5,J3,100
F17,5,J4,200
N24,5,J5,100
C19,5,J5,100
A14,5,J6,100
L17,5,J7,200
N21,5,J8,200
E2,5,J9,25
O15,5,J9,175
N5,5,J10,100
L24,5,J10,100
H3,5,J11,100
A4,5,J11,100
C9,5,J12,100
M20,5,J12,100
O13,5,J13,100
H8,5,J13,100
L16,5,J14,100
J24,5,J15,100
B19,5,J16,100
B13,5,J16,100
E6,5,J17,25
O21,5,J17,175
E6,5,J18,100
C19,5,J18,100
M19,5,J19,200
E6,5,J20,100
O21,5,J20,100
A22,5,J21,100
H4,5,J21,100
H3,5,J22,100
I24,5,J22,100
B3,5,J23,100
D13,5,J23,100
M12,5,K2,100
P17,5,K3,100
P2,5,K3,100
I21,5,K4,200
G14,5,K5,100
L18,5,K5,100
F8,5,K6,100
A3,5,K6,100
G11,5,K7,100
I24,5,K7,100
G1,5,K8,175
G3,5,K8,25
N8,5,K9,100
B17,5,K10,100
B20,5,K10,100
P14,5,K11,100
M7,5,K11,100
I2,5,K12,100
L17,5,K12,100
I19,5,K13,200
J3,5,K14,200
D17,5,K15,100
B3,5,K15,100
L22,5,K16,100
D14,5,K16,100
D19,5,K17,200
J9,5,K18,100
J13,5,K18,100
A6,5,K19,100
F12,5,K19,100
D21,5,K20,100
J3,5,K20,100
P6,5,K21,100
J15,5,K21,100
E2,5,K22,100
O15,5,K22,100
N22,5,K23,100
E19,5,L2,100
M8,5,L3,100
B21,5,L3,100
J19,5,L4,200
D23,5,L5,25
G2,5,L5,175
F23,5,L6,100
E10,5,L6,100
M17,5,L7,150
O13,5,L7,50
D23,5,L8,175
G2,5,L8,25
H9,5,L9,100
L11,5,L9,100
K3,5,L10,100
O1,5,L11,100
H11,5,L11,100
G2,5,L12,100
E10,5,L13,100
J9,5,L13,100
G6,5,L14,100
C23,5,L15,100
D22,5,L15,100
I18,5,L16,200
B5,5,L17,100
B6,5,L18,200
N1,5,L19,100
F9,5,L19,100
D13,5,L20,100
A16,5,L20,100
H3,5,L21,100
N17,5,L21,100
C15,5,L22,100
A19,5,L23,100
G7,5,M2,100
N13,5,M2,100
H11,5,M3,100
A7,5,M3,100
G2,5,M4,100
D18,5,M4,100
M9,5,M5,100
M11,5,M5,100
K5,5,M6,100
M20,5,M7,100
M10,5,M7,100
E2,5,M8,100
M6,5,M8,100
J1,5,M9,100
O11,5,M9,100
P5,5,M10,100
B20,5,M11,200
E10,5,M12,100
N4,5,M12,100
C10,5,M13,100
D8,5,M14,100
D4,5,M14,100
A9,5,M15,100
P4,5,M15,100
N20,5,M16,100
E6,5,M17,200
L17,5,M18,100
O19,5,M18,100
I10,5,M19,100
C5,5,M19,100
L20,5,M20,200
J8,5,M21,100
J18,5,M22,200
B10,5,M23,200
E20,5,N2,100
G16,5,N2,100
E2,5,N3,175
O15,5,N3,25
O3,5,N4,200
G2,5,N5,100
N23,5,N5,100
G6,5,N6,100
H15,5,N6,100
L10,5,N7,200
K22,5,N8,200
O8,5,N9,200
M17,5,N10,175
O13,5,N10,25
J1,5,N11,200
O11,5,N11,200
G6,5,N12,200
H15,5,N12,200
H12,5,N13,100
J12,5,N14,100
P1,5,N15,100
D19,5,N15,100
P8,5,N16,100
K22,5,N16,100
H18,5,N17,100
P17,5,N17,100
E17,5,N18,100
L12,5,N18,100
C6,5,N19,100
H22,5,N19,100
E11,5,N20,100
O13,5,N20,100
O7,5,N21,100
H6,5,N21,100
P20,5,N22,100
K21,5,N22,100
F15,5,N23,50
J9,5,N23,50
N7,5,O2,100
K3,5,O2,100
L17,5,O3,100
H20,5,O3,100
A7,5,O4,100
I22,5,O4,100
D14,5,O5,100
L6,5,O5,100
L23,5,O6,100
H2,5,O6,100
B9,5,O7,100
L24,5,O7,100
D23,5,O8,100
G3,5,O8,100
M5,5,O9,100
E4,5,O9,100
G6,5,O10,50
H15,5,O10,50
J13,5,O11,200
J1,5,O12,100
P12,5,O12,100
F10,5,O13,100
A9,5,O13,100
H5,5,O14,100
C8,5,O14,100
D23,5,O15,175
G3,5,O15,25
B8,5,O16,100
H17,5,O16,100
J11,5,O17,100
F17,5,O17,100
A18,5,O18,100
C21,5,O18,100
D23,5,O19,50
G3,5,O19,150
B2,5,O20,100
A5,5,O20,100
H7,5,O21,100
C2,5,O21,100
F10,5,O22,100
M19,5,O22,100
M8,5,O23,200
C10,6,B2,200
I5,6,B3,100
E22,6,B4,150
P17,6,B4,50
G5,6,B5,150
M21,6,B5,50
D12,6,B6,100
F10,6,B7,100
A9,6,B7,100
H5,6,B8,200
C1,6,B9,100
E17,6,B9,100
F23,6,B10,100
E10,6,B10,100
G5,6,B11,50
M21,6,B11,150
F14,6,B12,100
P6,6,B13,100
H15,6,B14,100
B7,6,B15,200
P3,6,B16,100
F18,6,B16,100
I1,6,B17,200
F22,6,B18,100
L16,6,B18,100
G17,6,B19,100
J17,6,B19,100
P9,6,B20,100
O9,6,B20,100
K6,6,B21,100
J12,6,B21,100
L3,6,B22,100
M10,6,B22,100
H12,6,B23,100
O6,6,B23,100
N15,6,C2,100
K9,6,C2,100
K3,6,C3,200
G21,6,C4,100
G24,6,C4,100
G18,6,C5,100
I22,6,C5,100
D9,6,C6,100
K4,6,C6,100
I9,6,C7,25
O7,6,C7,175
I16,6,C8,100
D15,6,C8,100
M7,6,C9,100
I10,6,C10,200
H4,6,C11,200
L14,6,C12,100
H14,6,C12,100
J2,6,C13,100
I22,6,C13,100
G5,6,C14,100
M21,6,C14,100
I7,6,C15,100
D8,6,C16,100
D4,6,C16,100
K13,6,C17,100
L18,6,C17,100
D7,6,C18,200
G14,6,C19,100
C13,6,C19,100
G4,6,C20,200
G3,6,C21,200
A2,6,C22,100
D19,6,C22,100
K5,6,C23,200
K1,6,D2,100
N3,6,D2,100
K9,6,D3,200
O4,6,D4,100
F2,6,D5,200
L1,6,D6,200
L15,6,D7,100
E2,6,D7,100
L22,6,D8,100
J20,6,D8,100
D24,6,D9,100
C21,6,D9,100
F23,6,D10,100
L2,6,D11,100
D6,6,D11,100
J18,6,D12,100
B12,6,D12,100
A22,6,D13,100
E5,6,D13,100
P5,6,D14,100
A14,6,D14,100
G9,6,D15,25
P15,6,D15,175
I9,6,D16,175
O7,6,D16,25
O21,6,D17,100
D11,6,D18,100
K22,6,D18,100
B15,6,D19,100
G14,6,D20,100
J24,6,D20,100
E23,6,D21,100
E17,6,D21,100
K11,6,D22,100
G9,6,D23,175
P15,6,D23,25
I9,6,E2,50
O7,6,E2,150
M14,6,E3,200
B20,6,E4,100
K17,6,E4,100
J1,6,E5,100
O20,6,E5,100
E6,6,E6,200
G20,6,E6,200
O12,6,E7,100
C7,6,E7,100
G9,6,E8,150
P15,6,E8,50
H22,6,E9,100
H18,6,E10,100
A11,6,E10,100
C21,6,E11,100
I19,6,E12,100
F3,6,E12,100
K15,6,E13,100
M3,6,E13,100
L7,6,E14,100
O22,6,E14,100
N23,6,E15,200
E18,6,E16,200
J16,6,E17,100
E13,6,E17,100
D22,6,E18,100
M1,6,E18,100
I3,6,E19,100
L24,6,E19,100
B13,6,E20,100
A9,6,E20,100
J23,6,E21,100
L23,6,E21,100
F3,6,E22,200
J19,6,E23,100
B3,6,E23,100
I9,6,F2,150
O7,6,F2,50
E10,6,F3,100
C12,6,F3,100
K13,6,F4,100
L15,6,F4,100
N1,6,F5,100
C14,6,F6,100
O9,6,F7,100
A21,6,F7,100
E6,6,F8,100
G20,6,F8,100
A12,6,F9,100
F6,6,F9,100
L20,6,F10,100
H22,6,F10,100
E14,6,F11,200
F9,6,F12,200
M15,6,F13,200
O1,6,F14,100
H16,6,F14,100
C22,6,F15,100
E14,6,F15,100
L3,6,F16,200
G5,6,F17,100
I11,6,F17,100
F24,6,F18,100
A22,6,F18,100
E22,6,F19,50
P17,6,F19,150
G5,6,F20,50
I11,6,F20,50
F13,6,F21,100
K6,6,F21,100
C24,6,F22,50
M11,6,F22,50
M14,6,F23,100
M17,6,F23,100
A5,6,G2,100
L1,6,G2,100
C19,6,G3,200
B18,6,G4,100
C23,6,G4,100
B1,6,G5,100
D11,6,G5,100
H23,6,G6,100
D24,6,G6,100
P20,6,G7,100
B19,6,G8,100
G22,6,G8,100
L7,6,G9,100
O17,6,G10,100
K2,6,G10,100
L22,6,G11,100
A11,6,G11,100
C11,6,G12,200
E22,6,G13,175
P17,6,G13,25
B21,6,G14,100
N10,6,G14,100
G6,6,G15,100
O24,6,G15,100
I19,6,G16,100
J1,6,G17,200
J16,6,G18,100
O12,6,G19,100
E23,6,G19,100
D10,6,G20,100
C5,6,G20,100
G5,6,G21,25
M21,6,G21,175
E16,6,G22,100
M7,6,G22,100
C2,6,G23,100
K16,6,H2,100
J4,6,H2,100
P10,6,H3,200
E18,6,H4,100
C19,6,H4,100
P2,6,H5,100
P22,6,H5,100
A1,6,H6,100
O17,6,H6,100
H18,6,H7,200
O10,6,H8,100
O5,6,H8,100
D10,6,H9,100
O13,6,H10,100
M1,6,H11,100
H13,6,H12,100
K4,6,H12,100
E10,6,H13,100
H18,6,H13,100
F22,6,H14,200
N14,6,H15,100
O4,6,H16,100
P16,6,H16,100
J8,6,H17,200
D12,6,H18,100
H6,6,H18,100
A6,6,H19,100
K4,6,H19,100
I20,6,H20,100
L3,6,H20,100
A13,6,H21,100
A9,6,H22,200
E22,6,H23,100
P17,6,H23,100
A7,6,I2,100
P6,6,I2,100
H5,6,I3,100
E12,6,I3,100
L20,6,I4,100
C5,6,I4,100
C24,6,I5,100
M11,6,I5,100
C24,6,I6,200
M11,6,I6,200
I6,6,I7,100
E7,6,I7,100
A23,6,I8,100
G18,6,I8,100
G5,6,I9,175
M21,6,I9,25
D17,6,I10,100
B3,6,I10,100
P17,6,I11,100
K24,6,I11,100
H17,6,I12,100
E1,6,I12,100
D6,6,I13,100
B5,6,I13,100
O14,6,I14,100
H19,6,I15,200
F17,6,I16,100
C22,6,I17,25
M21,6,I17,175
F6,6,I18,200
B8,6,I19,200
I9,6,I20,100
O7,6,I20,100
A2,6,I21,200
C10,6,I22,100
A13,6,I22,100
P8,6,I23,100
L11,6,I23,100
D22,6,J2,100
I4,6,J2,100
P8,6,J3,100
E16,6,J3,100
E22,6,J4,25
P17,6,J4,175
C15,6,J5,100
C12,6,J5,100
C22,6,J6,175
M21,6,J6,25
E13,6,J7,100
H13,6,J7,100
M1,6,J8,100
F23,6,J8,100
C22,6,J9,50
M21,6,J9,150
D1,6,J10,100
M9,6,J10,100
K22,6,J11,100
D20,6,J12,100
M1,6,J12,100
J13,6,J13,100
I6,6,J13,100
K24,6,J14,100
I3,6,J14,100
F3,6,J15,100
D19,6,J15,100
K23,6,J16,100
P8,6,J17,100
D21,6,J17,100
H1,6,J18,100
K24,6,J18,100
N12,6,J19,100
H3,6,J19,100
C7,6,J20,100
B18,6,J20,100
H3,6,J21,100
H17,6,J22,100
D1,6,J23,100
F7,6,J23,100
B4,6,K2,100
H21,6,K2,100
A15,6,K3,100
I9,6,K4,100
C1,6,K4,100
N13,6,K5,100
I11,6,K6,100
O18,6,K6,100
P15,6,K7,100
L18,6,K7,100
P14,6,K8,200
K19,6,K9,100
P2,6,K9,100
J2,6,K10,200
F3,6,K11,100
I1,6,K11,100
G19,6,K12,100
H5,6,K12,100
J13,6,K13,100
I21,6,K13,100
O23,6,K14,100
I15,6,K14,100
L24,6,K15,100
F8,6,K15,100
A20,6,K16,100
I13,6,K16,100
O1,6,K17,100
H11,6,K17,100
G17,6,K18,100
N24,6,K18,100
B19,6,K19,100
O13,6,K19,100
F9,6,K20,100
K11,6,K20,100
D9,6,K21,100
D6,6,K21,100
C22,6,K22,150
M21,6,K22,50
I11,6,K23,100
D9,6,L2,100
H16,6,L3,100
G1,6,L3,100
N17,6,L4,100
K9,6,L5,100
A3,6,L5,100
F7,6,L6,100
J6,6,L7,100
O14,6,L7,100
G1,6,L8,100
M20,6,L8,100
N19,6,L9,100
F12,6,L9,100
G18,6,L10,200
P19,6,L11,100
C6,6,L12,100
H22,6,L12,100
L13,6,L13,200
A20,6,L14,100
H22,6,L15,100
B23,6,L15,100
H6,6,L16,200
B4,6,L17,100
I15,6,L18,200
P4,6,L19,100
H17,6,L20,200
O17,6,L20,200
E15,6,L21,200
E7,6,L22,100
D19,6,L23,100
E6,6,L23,100
K7,6,M2,100
F9,6,M2,100
J23,6,M3,100
P21,6,M3,100
A23,6,M4,100
G17,6,M4,100
C2,6,M5,100
M18,6,M5,100
K21,6,M6,200
C22,6,M7,100
M21,6,M7,100
P10,6,M8,100
E14,6,M8,100
L1,6,M9,100
P4,6,M9,100
M10,6,M10,200
K14,6,M11,100
A19,6,M12,100
I16,6,M12,100
A12,6,M13,100
O20,6,M13,100
G5,6,M14,200
I11,6,M14,200
M1,6,M15,100
P22,6,M15,100
P5,6,M16,100
A17,6,M16,100
N19,6,M17,100
E12,6,M17,100
H7,6,M18,100
C1,6,M18,100
F13,6,M19,100
L7,6,M19,100
C6,6,M20,100
B24,6,M20,100
B22,6,M21,100
C24,6,M21,100
P21,6,M22,200
A1,6,M23,50
O17,6,M23,50
N13,6,N2,100
L4,6,N2,100
G14,6,N3,200
J2,6,N4,100
N23,6,N4,100
H17,6,N5,50
O17,6,N5,50
H11,6,N6,100
F22,6,N6,100
I15,6,N7,100
K19,6,N7,100
F24,6,N8,100
P13,6,N8,100
I8,6,N9,100
N11,6,N9,100
D24,6,N10,100
B20,6,N10,100
N22,6,N11,200
H9,6,N12,200
E6,6,N13,50
G20,6,N13,50
A1,6,N14,200
O17,6,N14,200
M5,6,N15,100
H17,6,N16,100
O17,6,N16,100
J22,6,N17,100
C5,6,N17,100
I6,6,N18,100
P19,6,N19,100
B6,6,N19,100
A24,6,N20,200
K2,6,N21,100
I1,6,N21,100
G9,6,N22,50
P15,6,N22,150
B3,6,N23,100
J1,6,N23,100
G9,6,O2,100
P15,6,O2,100
I17,6,O3,100
E8,6,O3,100
L20,6,O4,100
C21,6,O5,100
A6,6,O5,100
M5,6,O6,100
D15,6,O6,100
N9,6,O7,100
G4,6,O8,100
N3,6,O8,100
H14,6,O9,200
I23,6,O10,100
C5,6,O10,100
K14,6,O11,100
G1,6,O11,100
H22,6,O12,100
J18,6,O12,100
I12,6,O13,200
M6,6,O14,100
M22,6,O14,100
P7,6,O15,200
H11,6,O16,100
M12,6,O16,100
B9,6,O17,100
K21,6,O17,100
G10,6,O18,100
B13,6,O19,100
J16,6,O19,100
K5,6,O20,100
H7,6,O20,100
B13,6,O21,100
G5,6,O21,100
P2,6,O22,100
E17,6,O23,100
L12,6,O23,100
A19,7,B2,100
F15,7,B2,100
B8,7,B3,100
N4,7,B3,100
F24,7,B4,100
M2,7,B4,100
J18,7,B5,100
B12,7,B5,100
J20,7,B6,100
N5,7,B7,200
O24,7,B8,100
C22,7,B8,100
H24,7,B9,100
B21,7,B9,100
D5,7,B10,100
I19,7,B10,100
C13,7,B11,100
J22,7,B11,100
I9,7,B12,100
P6,7,B12,100
A16,7,B13,100
N10,7,B13,100
E10,7,B14,100
E6,7,B14,100
M9,7,B15,100
M11,7,B15,100
P10,7,B16,100
K2,7,B16,100
F13,7,B17,100
L7,7,B17,100
E10,7,B18,50
E6,7,B18,50
J4,7,B19,100
L13,7,B19,100
E7,7,B20,100
I8,7,B20,100
K23,7,B21,100
P22,7,B21,100
D18,7,B22,100
B6,7,B22,100
D3,7,B23,100
O11,7,C2,100
N4,7,C2,100
F18,7,C3,100
L10,7,C3,100
H4,7,C4,100
F17,7,C5,100
A17,7,C5,100
E4,7,C6,150
G9,7,C6,50
E18,7,C7,50
J9,7,C7,150
O17,7,C8,200
I5,7,C9,200
P1,7,C10,100
O16,7,C11,200
B11,7,C12,100
K22,7,C12,100
M3,7,C13,200
P20,7,C14,100
B10,7,C14,100
F21,7,C15,100
P20,7,C15,100
H10,7,C16,100
G11,7,C16,100
I12,7,C17,100
C9,7,C17,100
L8,7,C18,100
P4,7,C19,100
O22,7,C19,100
B17,7,C20,200
G7,7,C21,200
N14,7,C22,100
O11,7,C22,100
N13,7,C23,100
L4,7,C23,100
H15,7,D2,100
L15,7,D2,100
D19,7,D3,100
M10,7,D3,100
B7,7,D4,100
O8,7,D4,100
K16,7,D5,100
J4,7,D5,100
E17,7,D6,100
K19,7,D7,100
P23,7,D7,100
I18,7,D8,100
D7,7,D8,100
C7,7,D9,100
B6,7,D10,100
O22,7,D10,100
D3,7,D11,100
P24,7,D11,100
E24,7,D12,150
E6,7,D12,50
K14,7,D13,100
B9,7,D13,100
E9,7,D14,100
D2,7,D14,100
N19,7,D15,200
A22,7,D16,100
L11,7,D17,100
B2,7,D17,100
C14,7,D18,100
N9,7,D18,100
F22,7,D19,100
B2,7,D20,100
F13,7,D20,100
G7,7,D21,100
K22,7,D21,100
E10,7,D22,200
E6,7,D22,200
G1,7,D23,200
E7,7,E2,50
G20,7,E2,50
A14,7,E3,200
B15,7,E4,100
F20,7,E4,100
P13,7,E5,100
H15,7,E6,200
E13,7,E7,150
H11,7,E7,50
E3,7,E8,100
A22,7,E8,100
I6,7,E9,100
F23,7,E9,100
C8,7,E10,100
E24,7,E11,100
F22,7,E11,100
E21,7,E12,150
G20,7,E12,50
H11,7,E13,100
F22,7,E13,100
E1,7,E14,100
F1,7,E14,100
J9,7,E15,50
O3,7,E15,50
D18,7,E16,100
O3,7,E16,100
M5,7,E17,100
F5,7,E17,100
F6,7,E18,100
J1,7,E18,100
B7,7,E19,100
H13,7,E20,100
K4,7,E20,100
C22,7,E21,100
D10,7,E21,100
K1,7,E22,100
E3,7,E22,100
N17,7,E23,100
O2,7,E23,100
O4,7,F2,100
J11,7,F2,100
N10,7,F3,100
J4,7,F3,100
K17,7,F4,100
J22,7,F5,100
L4,7,F6,200
E4,7,F7,25
G9,7,F7,175
C20,7,F8,25
O7,7,F8,175
A1,7,F9,100
I10,7,F9,100
K9,7,F10,100
G6,7,F10,100
G19,7,F11,100
B15,7,F11,100
N6,7,F12,200
K8,7,F13,200
P14,7,F14,100
P21,7,F14,100
E7,7,F15,200
G20,7,F15,200
E9,7,F16,100
J20,7,F16,100
A17,7,F17,200
E13,7,F18,50
H11,7,F18,150
H22,7,F19,100
N20,7,F19,100
E20,7,F20,100
F7,7,F20,100
K2,7,F21,200
N11,7,F22,100
P22,7,F22,100
M15,7,F23,100
H8,7,G2,100
M20,7,G2,100
F15,7,G3,200
K23,7,G4,100
L6,7,G4,100
A22,7,G5,100
M15,7,G5,100
I11,7,G6,100
O14,7,G6,100
L6,7,G7,100
M2,7,G7,100
M11,7,G8,100
L23,7,G8,100
D24,7,G9,100
D21,7,G10,200
D8,7,G11,100
D4,7,G11,100
A3,7,G12,100
I5,7,G12,100
I14,7,G13,100
G22,7,G13,100
D4,7,G14,100
P3,7,G15,100
O5,7,G15,100
I20,7,G16,100
B9,7,G16,100
B8,7,G17,100
M3,7,G17,100
O10,7,G18,100
P11,7,G18,100
I15,7,G19,100
B24,7,G19,100
P12,7,G20,100
P4,7,G20,100
E21,7,G21,50
G20,7,G21,150
L7,7,G22,100
C13,7,G22,100
F20,7,G23,100
F8,7,G23,100
C11,7,H2,100
K15,7,H2,100
A4,7,H3,200
H19,7,H4,100
J8,7,H4,100
B13,7,H5,100
B14,7,H5,100
J10,7,H6,100
A3,7,H6,100
E24,7,H7,50
E6,7,H7,150
O4,7,H8,100
I2,7,H8,100
M18,7,H9,100
B24,7,H10,100
E10,7,H10,100
B22,7,H11,100
P13,7,H11,100
E19,7,H12,100
E22,7,H12,100
E4,7,H13,175
G9,7,H13,25
C20,7,H14,100
O7,7,H14,100
E18,7,H15,100
J9,7,H15,100
E24,7,H16,175
E6,7,H16,25
N15,7,H17,100
P8,7,H17,100
C6,7,H18,100
A14,7,H18,100
J10,7,H19,100
C20,7,H19,100
F10,7,H20,100
L23,7,H21,200
M21,7,H22,200
J23,7,H23,100
B21,7,I2,100
K5,7,I2,100
E17,7,I3,100
C23,7,I3,100
E21,7,I4,175
G20,7,I4,25
O15,7,I5,100
E16,7,I5,100
F4,7,I6,100
K10,7,I7,100
P3,7,I7,100
H13,7,I8,200
E21,7,I9,25
G20,7,I9,175
N19,7,I10,100
H23,7,I10,100
M17,7,I11,100
P15,7,I12,100
B12,7,I12,100
J10,7,I13,100
F18,7,I13,100
O15,7,I14,200
J15,7,I15,100
I5,7,I15,100
A14,7,I16,100
K7,7,I16,100
J9,7,I17,200
O3,7,I17,200
N7,7,I18,100
B13,7,I18,100
J12,7,I19,100
C8,7,I19,100
D12,7,I20,100
F2,7,I20,100
D13,7,I21,100
P2,7,I21,100
O14,7,I22,100
D17,7,I22,100
F9,7,I23,100
K19,7,J2,100
K12,7,J2,100
L22,7,J3,100
P17,7,J4,100
G1,7,J5,100
N13,7,J5,100
M21,7,J6,100
J5,7,J6,100
P3,7,J7,100
D13,7,J8,100
H12,7,J8,100
A16,7,J9,100
D6,7,J9,100
E4,7,J10,50
G9,7,J10,150
C3,7,J11,200
B18,7,J12,100
O2,7,J12,100
D20,7,J13,100
G8,7,J13,100
O23,7,J14,100
H14,7,J14,100
O18,7,J15,200
J1,7,J16,100
K15,7,J16,100
O10,7,J17,100
M20,7,J18,200
J1,7,J19,100
O20,7,J19,100
E13,7,J20,25
H11,7,J20,175
E18,7,J21,150
J9,7,J21,50
F15,7,J22,100
G8,7,J22,100
H14,7,J23,100
D11,7,J23,100
I8,7,K2,100
A2,7,K2,100
C22,7,K3,200
H23,7,K3,200
P6,7,K4,100
J15,7,K4,100
H11,7,K5,100
G6,7,K6,100
F11,7,K6,100
J20,7,K7,100
I11,7,K7,100
E17,7,K8,100
L12,7,K8,100
D16,7,K9,100
F14,7,K9,100
D8,7,K10,100
O3,7,K10,100
N23,7,K11,100
A3,7,K11,100
L23,7,K12,100
H2,7,K12,100
L11,7,K13,100
I8,7,K14,100
N11,7,K14,100
C1,7,K15,100
D12,7,K15,100
E13,7,K16,175
H11,7,K16,25
K7,7,K17,100
O2,7,K17,100
F7,7,K18,200
H19,7,K19,100
F10,7,K19,100
G23,7,K20,100
A9,7,K20,100
J17,7,K21,100
O2,7,K21,100
J23,7,K22,100
I15,7,K22,100
C20,7,K23,50
O7,7,K23,150
P12,7,L2,200
F11,7,L3,100
P1,7,L4,100
H15,7,L4,100
M17,7,L5,100
J7,7,L5,100
K13,7,L6,100
H2,7,L6,100
A19,7,L7,100
J15,7,L7,100
E13,7,L8,100
H11,7,L8,100
F3,7,L9,100
N15,7,L10,200
M16,7,L11,100
G10,7,L11,100
M6,7,L12,100
L21,7,L13,100
P18,7,L13,100
N24,7,L14,100
G3,7,L14,100
B14,7,L15,100
O7,7,L15,100
K21,7,L16,100
I7,7,L17,100
A24,7,L17,100
J6,7,L18,100
P15,7,L18,100
J6,7,L19,100
H18,7,L19,100
G5,7,L20,100
D15,7,L20,100
F16,7,L21,100
D16,7,L21,100
C7,7,L22,100
M2,7,L22,100
C6,7,L23,100
H22,7,L23,100
P16,7,M2,100
L12,7,M2,100
K8,7,M3,100
E4,7,M3,100
A13,7,M4,200
L15,7,M5,100
D1,7,M6,100
M24,7,M6,100
B23,7,M7,100
F5,7,M7,100
K15,7,M8,100
E6,7,M8,100
K16,7,M9,100
O24,7,M10,100
L11,7,M10,100
O6,7,M11,100
J5,7,M11,100
J16,7,M12,100
I7,7,M12,100
A6,7,M13,100
J18,7,M13,100
B19,7,M14,100
B20,7,M14,100
E24,7,M15,100
E6,7,M15,100
D17,7,M16,100
B3,7,M16,100
C4,7,M17,100
A15,7,M17,100
C6,7,M18,100
E21,7,M19,100
G20,7,M19,100
E18,7,M20,25
J9,7,M20,175
O12,7,M21,100
C7,7,M21,100
M3,7,M22,100
H24,7,M22,100
C20,7,M23,150
O7,7,M23,50
E17,7,N2,100
G4,7,N2,100
O6,7,N3,100
K13,7,N3,100
B14,7,N4,100
L16,7,N5,100
K9,7,N5,100
N9,7,N6,200
C20,7,N7,175
O7,7,N7,25
J20,7,N8,100
O13,7,N8,100
C22,7,N9,50
H23,7,N9,50
A10,7,N10,100
M24,7,N11,100
B22,7,N11,100
B11,7,N12,100
I3,7,N12,100
G22,7,N13,200
H16,7,N14,100
L22,7,N15,100
C14,7,N15,100
A12,7,N16,100
N21,7,N16,100
E4,7,N17,100
G9,7,N17,100
E7,7,N18,100
G20,7,N18,100
A24,7,N19,100
O18,7,N19,100
L21,7,N20,100
N15,7,N20,100
C22,7,N21,100
H23,7,N21,100
I4,7,N22,100
D18,7,N22,100
N7,7,N23,200
H14,7,O2,100
O21,7,O2,100
J6,7,O3,100
K13,7,O3,100
N3,7,O4,100
H21,7,O4,100
J9,7,O5,100
O3,7,O5,100
D8,7,O6,200
I14,7,O7,200
C17,7,O8,100
G11,7,O8,100
B4,7,O9,100
C4,7,O9,100
L9,7,O10,100
H7,7,O10,100
G18,7,O11,100
I24,7,O11,100
E24,7,O12,25
E6,7,O12,175
I3,7,O13,100
J17,7,O14,100
G17,7,O15,100
F4,7,O15,100
G9,7,O16,100
F2,7,O17,100
M15,7,O17,100
O20,7,O18,100
O6,7,O18,100
L7,7,O19,100
K3,7,O19,100
P5,7,O20,200
E18,7,O21,175
J9,7,O21,25
H21,7,O22,100
N23,7,O22,100
K1,7,O23,100
J13,8,B2,100
C5,8,B3,100
F14,8,B3,100
H19,8,B4,100
N14,8,B4,100
I14,8,B5,100
M7,8,B5,100
L10,8,B6,100
F4,8,B6,100
I9,8,B7,100
K14,8,B8,100
B9,8,B8,100
N14,8,B9,200
G7,8,B10,100
D18,8,B11,100
C18,8,B12,100
P11,8,B12,100
B3,8,B13,200
N10,8,B14,200
L7,8,B15,100
C8,8,B15,100
F8,8,B16,100
M21,8,B16,100
J24,8,B17,100
F14,8,B17,100
D17,8,B18,100
D10,8,B18,100
K4,8,B19,200
F16,8,B20,100
C14,8,B21,100
P11,8,B21,100
I23,8,B22,200
B16,8,B23,100
I10,8,B23,100
L18,8,C2,200
E1,8,C3,200
K7,8,C4,100
G11,8,C5,100
E9,8,C6,150
O9,8,C6,50
L24,8,C7,100
J1,8,C7,100
C10,8,C8,100
M18,8,C8,100
E9,8,C9,100
O9,8,C9,100
D1,8,C10,100
A19,8,C10,100
G22,8,C11,100
L3,8,C11,100
O17,8,C12,100
D17,8,C12,100
A20,8,C13,100
K4,8,C13,100
G20,8,C14,100
J11,8,C14,100
A12,8,C15,200
F7,8,C16,175
M11,8,C16,25
M14,8,C17,100
N17,8,C17,100
I19,8,C18,100
H20,8,C18,100
A12,8,C19,200
C24,8,C19,200
F7,8,C20,150
M11,8,C20,50
K15,8,C21,100
G23,8,C22,200
E5,8,C23,200
B11,8,D2,100
F7,8,D3,50
M11,8,D3,150
A13,8,D4,100
L8,8,D4,100
C11,8,D5,100
M12,8,D6,200
G15,8,D7,50
O15,8,D7,150
M9,8,D8,100
M11,8,D8,100
F15,8,D9,100
G8,8,D9,100
P1,8,D10,100
D19,8,D10,100
J10,8,D11,100
A16,8,D12,100
D9,8,D12,100
G7,8,D13,100
C17,8,D13,100
D4,8,D14,100
O18,8,D14,100
O23,8,D15,100
I15,8,D15,100
J2,8,D16,100
K2,8,D16,100
E9,8,D17,200
F4,8,D18,100
D16,8,D18,100
K10,8,D19,100
N12,8,D19,100
E24,8,D20,175
H19,8,D20,25
G1,8,D21,100
J1,8,D21,100
K12,8,D22,100
P2,8,D22,100
H23,8,D23,100
P8,8,D23,100
P21,8,E2,100
F21,8,E2,100
N21,8,E3,100
B16,8,E3,100
J10,8,E4,100
K8,8,E4,100
G16,8,E5,100
O13,8,E5,100
G22,8,E6,100
M17,8,E6,100
B16,8,E7,100
C19,8,E8,100
I24,8,E8,100
G1,8,E9,175
J1,8,E9,25
L15,8,E10,200
N10,8,E11,100
J4,8,E11,100
J14,8,E12,200
C20,8,E13,50
G17,8,E13,150
C20,8,E14,100
O17,8,E14,100
J12,8,E15,200
D23,8,E16,100
I14,8,E16,100
C6,8,E17,100
H22,8,E17,100
L12,8,E18,100
P11,8,E18,100
M18,8,E19,100
P3,8,E19,100
E15,8,E20,100
F23,8,E20,100
I17,8,E21,100
G15,8,E21,100
F10,8,E22,100
A9,8,E22,100
G22,8,E23,200
M17,8,E23,200
P13,8,F2,100
E21,8,F2,100
B23,8,F3,100
H24,8,F3,100
L9,8,F4,100
O15,8,F4,100
K1,8,F5,100
C24,8,F5,100
K20,8,F6,100
C6,8,F7,200
G4,8,F8,100
H11,8,F8,100
C9,8,F9,100
M15,8,F9,100
C8,8,F10,100
F11,8,F10,100
E24,8,F11,150
H19,8,F11,50
G3,8,F12,100
N22,8,F13,100
F16,8,F13,100
P10,8,F14,100
J6,8,F14,100
G4,8,F15,175
H11,8,F15,25
G1,8,F16,100
M20,8,F16,100
A24,8,F17,100
M16,8,F17,100
A17,8,F18,100
A24,8,F19,100
O18,8,F19,100
F19,8,F20,200
H19,8,F20,200
I24,8,F21,200
B24,8,F22,100
E10,8,F22,100
O19,8,F23,100
N18,8,G2,100
E24,8,G2,100
L21,8,G3,100
P18,8,G3,100
N19,8,G4,100
F12,8,G4,100
C20,8,G5,100
G17,8,G5,100
E9,8,G6,25
O9,8,G6,175
H22,8,G7,200
J7,8,G8,100
F17,8,G8,100
I22,8,G9,100
J15,8,G9,100
E23,8,G10,100
H11,8,G10,100
F13,8,G11,100
M11,8,G12,100
H12,8,G13,100
K5,8,G13,100
O22,8,G14,100
H12,8,G14,100
A6,8,G15,200
F13,8,G16,100
A12,8,G16,100
M6,8,G17,100
B4,8,G17,100
K14,8,G18,100
G3,8,G18,100
A12,8,G19,50
C24,8,G19,50
I16,8,G20,100
F11,8,G20,100
E11,8,G21,100
I21,8,G21,100
F19,8,G22,100
H19,8,G22,100
D7,8,G23,100
A12,8,H2,100
C24,8,H2,100
I10,8,H3,100
L13,8,H3,100
J19,8,H4,100
C22,8,H5,200
A16,8,H6,200
J21,8,H7,100
E9,8,H8,50
O9,8,H8,150
C17,8,H9,100
L8,8,H9,100
J1,8,H10,100
O20,8,H10,100
E3,8,H11,200
B12,8,H12,200
B21,8,H13,100
P24,8,H14,100
F22,8,H14,100
C4,8,H15,200
O6,8,H16,100
E9,8,H17,175
O9,8,H17,25
N11,8,H18,200
J7,8,H19,200
D6,8,H20,200
L2,8,H21,200
O15,8,H22,100
E20,8,H23,100
G16,8,H23,100
K2,8,I2,100
E18,8,I3,100
O10,8,I3,100
F24,8,I4,100
E10,8,I5,200
E4,8,I6,200
H12,8,I7,100
H19,8,I7,100
J21,8,I8,100
N22,8,I8,100
B14,8,I9,100
C9,8,I9,100
E14,8,I10,100
I1,8,I10,100
G22,8,I11,50
M17,8,I11,50
M9,8,I12,100
F5,8,I13,200
F1,8,I14,100
F19,8,I14,100
G1,8,I15,25
J1,8,I15,175
H8,8,I16,100
D12,8,I16,100
E24,8,I17,50
H19,8,I17,150
A21,8,I18,100
G13,8,I18,100
J16,8,I19,200
I1,8,I20,100
L13,8,I20,100
F5,8,I21,100
I13,8,I21,100
E22,8,I22,100
M23,8,I22,100
B1,8,I23,100
A20,8,J2,100
C15,8,J2,100
L17,8,J3,100
E10,8,J4,100
B10,8,J4,100
C20,8,J5,150
G17,8,J5,50
M17,8,J6,100
E18,8,J6,100
K16,8,J7,200
G15,8,J8,100
O15,8,J8,100
G15,8,J9,25
O15,8,J9,175
J14,8,J10,100
P10,8,J10,100
A17,8,J11,100
D12,8,J11,100
N18,8,J12,100
A12,8,J12,100
N24,8,J13,200
H12,8,J14,100
O6,8,J14,100
G5,8,J15,200
P3,8,J16,200
L20,8,J17,100
C5,8,J17,100
K9,8,J18,100
G19,8,J18,100
C15,8,J19,200
H17,8,J20,200
O16,8,J21,100
I18,8,J21,100
B11,8,J22,100
C24,8,J22,100
J14,8,J23,100
J6,8,J23,100
P1,8,K2,200
F7,8,K3,100
M11,8,K3,100
P6,8,K4,100
J15,8,K4,100
B8,8,K5,100
J2,8,K5,100
I20,8,K6,100
K10,8,K6,100
E21,8,K7,100
P18,8,K7,100
P19,8,K8,100
A11,8,K8,100
F19,8,K9,100
K16,8,K9,100
O12,8,K10,100
G5,8,K10,100
A10,8,K11,100
G15,8,K11,100
O8,8,K12,100
F10,8,K12,100
B10,8,K13,100
B18,8,K14,100
C23,8,K14,100
H13,8,K15,100
K4,8,K15,100
F23,8,K16,100
E10,8,K16,100
O12,8,K17,100
C7,8,K17,100
K18,8,K18,200
C20,8,K19,25
G17,8,K19,175
O13,8,K20,200
E17,8,K21,200
D16,8,K22,100
F14,8,K22,100
B21,8,K23,100
I24,8,K23,100
F7,8,L2,25
M11,8,L2,175
J16,8,L3,100
E13,8,L3,100
L6,8,L4,100
K23,8,L5,100
C19,8,L5,100
H22,8,L6,100
I11,8,L6,100
H23,8,L7,100
D24,8,L7,100
J13,8,L8,100
C14,8,L8,100
J3,8,L9,100
E7,8,L9,100
L4,8,L10,100
H2,8,L10,100
P7,8,L11,100
K15,8,L11,100
A24,8,L12,100
B16,8,L12,100
E20,8,L13,200
G4,8,L14,25
H11,8,L14,175
L11,8,L15,100
J21,8,L15,100
I12,8,L16,100
H13,8,L16,100
D19,8,L17,100
E6,8,L17,100
K4,8,L18,100
M19,8,L18,100
D6,8,L19,100
B5,8,L19,100
G1,8,L20,50
J1,8,L20,150
I22,8,L21,100
P18,8,L22,100
K5,8,L22,100
I10,8,L23,100
E17,8,L23,100
D22,8,M2,200
H4,8,M3,100
A8,8,M3,100
G15,8,M4,150
O15,8,M4,50
O14,8,M5,100
H14,8,M5,100
F19,8,M6,50
H19,8,M6,50
J17,8,M7,200
B8,8,M8,100
H17,8,M8,100
H20,8,M9,200
J18,8,M10,100
N24,8,M11,100
N7,8,M11,100
M12,8,M12,100
E2,8,M12,100
A18,8,M13,100
G15,8,M14,200
O11,8,M15,100
G10,8,M16,100
H17,8,M16,100
G16,8,M17,200
G4,8,M18,150
H11,8,M18,50
O22,8,M19,200
M3,8,M20,100
M24,8,M20,100
M22,8,M21,100
F14,8,M22,200
B23,8,M23,100
A5,8,M23,100
L11,8,N2,100
L20,8,N2,100
E22,8,N3,100
J3,8,N3,100
F21,8,N4,100
C20,8,N5,175
G17,8,N5,25
G15,8,N6,175
O15,8,N6,25
L13,8,N7,100
M14,8,N7,100
M19,8,N8,100
N15,8,N9,100
K9,8,N9,100
K3,8,N10,100
M20,8,N10,100
N4,8,N11,200
N3,8,N12,100
N22,8,N13,100
F17,8,N13,100
P18,8,N14,200
A21,8,N15,100
I3,8,N15,100
J4,8,N16,100
F8,8,N17,200
M13,8,N18,100
N21,8,N19,100
E24,8,N20,25
H19,8,N20,175
E17,8,N21,100
L12,8,N21,100
B18,8,N22,100
N20,8,N22,100
J16,8,N23,100
B16,8,N23,100
E7,8,O2,200
D13,8,O3,100
D5,8,O4,100
L19,8,O4,100
D3,8,O5,200
G14,8,O6,100
K7,8,O7,100
P22,8,O7,100
K6,8,O8,100
J12,8,O8,100
E9,8,O9,100
C15,8,O9,100
D20,8,O10,200
H1,8,O11,100
O1,8,O11,100
G1,8,O12,150
J1,8,O12,50
B5,8,O13,100
O5,8,O13,100
E24,8,O14,100
H19,8,O14,100
D24,8,O15,200
H13,8,O16,100
L5,8,O16,100
M1,8,O17,100
P22,8,O17,100
F19,8,O18,200
K8,8,O19,100
I8,8,O20,200
G4,8,O21,50
H11,8,O21,150
C17,8,O22,100
G12,8,O22,100
H23,8,O23,100
N20,8,O23,100
L20,9,B2,100
B21,9,B2,100
L21,9,B3,100
M20,9,B3,100
D16,9,B4,100
G6,9,B4,100
A19,9,B5,100
A23,9,B5,100
G20,9,B6,100
E7,9,B6,100
E7,9,B7,100
I2,9,B7,100
O14,9,B8,100
M21,9,B8,100
H20,9,B9,100
C22,9,B9,100
O18,9,B10,100
J3,9,B10,100
M6,9,B11,100
F5,9,B11,100
J14,9,B12,100
J13,9,B12,100
F23,9,B13,100
G15,9,B13,100
I18,9,B14,100
G7,9,B14,100
M5,9,B15,100
C11,9,B15,100
H22,9,B16,100
E3,9,B16,100
B22,9,B17,100
A20,9,B17,100
C15,9,B18,100
G17,9,B18,100
B17,9,B19,100
B15,9,B19,100
K3,9,B20,100
B19,9,B20,100
I8,9,B21,100
P13,9,B21,100
B20,9,B22,100
F10,9,B22,100
D8,9,B23,100
E18,9,B23,100
N9,9,C2,100
G4,9,C2,100
G23,9,C3,100
A14,9,C3,100
D12,9,C4,100
P20,9,C4,100
N20,9,C5,100
M4,9,C5,100
J22,9,C6,100
K17,9,C6,100
G16,9,C7,100
A20,9,C7,100
B18,9,C8,100
M12,9,C8,100
G22,9,C9,100
H9,9,C9,100
O22,9,C10,100
G19,9,C10,100
P15,9,C11,100
P13,9,C11,100
J4,9,C12,100
J22,9,C12,100
H21,9,C13,100
B14,9,C13,100
G23,9,C14,100
M21,9,C14,100
I2,9,C15,100
A18,9,C15,100
F19,9,C16,100
O9,9,C16,100
L4,9,C17,100
N15,9,C17,100
D1,9,C18,100
M23,9,C18,100
H5,9,C19,100
D8,9,C19,100
L4,9,C20,100
C24,9,C20,100
C9,9,C21,100
O15,9,C21,100
K22,9,C22,100
E18,9,C22,100
G22,9,C23,100
G11,9,C23,100
G3,9,D2,100
C3,9,D2,100
B21,9,D3,100
B24,9,D3,100
N4,9,D4,100
E16,9,D4,100
C2,9,D5,100
P22,9,D5,100
I1,9,D6,100
C22,9,D6,100
P22,9,D7,100
D23,9,D7,100
F20,9,D8,100
O24,9,D8,100
G20,9,D9,100
K13,9,D9,100
N6,9,D10,100
D21,9,D10,100
J8,9,D11,100
J14,9,D11,100
C3,9,D12,100
P18,9,D12,100
H1,9,D13,100
E22,9,D13,100
L3,9,D14,100
C20,9,D14,100
P14,9,D15,100
O3,9,D15,100
A12,9,D16,100
I22,9,D16,100
H22,9,D17,100
L11,9,D17,100
E12,9,D18,100
C10,9,D18,100
F8,9,D19,100
E4,9,D19,100
F17,9,D20,100
P8,9,D20,100
P21,9,D21,100
D24,9,D21,100
H2,9,D22,100
F16,9,D22,100
O7,9,D23,100
L24,9,D23,100
P21,9,E2,100
E18,9,E2,100
J14,9,E3,100
J16,9,E3,100
N22,9,E4,100
G19,9,E4,100
H24,9,E5,100
I21,9,E5,100
H21,9,E6,100
M14,9,E6,100
H13,9,E7,100
O12,9,E7,100
H23,9,E8,100
B3,9,E8,100
K14,9,E9,100
B18,9,E9,100
M13,9,E10,100
H8,9,E10,100
H4,9,E11,100
I11,9,E11,100
K16,9,E12,100
C23,9,E12,100
M7,9,E13,100
K4,9,E13,100
E17,9,E14,100
O23,9,E14,100
E6,9,E15,100
E4,9,E15,100
M23,9,E16,100
D3,9,E16,100
J20,9,E17,100
H3,9,E17,100
O5,9,E18,100
I20,9,E18,100
L6,9,E19,100
E21,9,E19,100
L7,9,E20,100
M7,9,E20,100
A23,9,E21,100
B24,9,E21,100
G11,9,E22,100
I1,9,E22,100
M16,9,E23,100
M1,9,E23,100
M24,9,F2,100
C13,9,F2,100
N14,9,F3,100
I22,9,F3,100
M8,9,F4,100
E5,9,F4,100
C10,9,F5,100
J24,9,F5,100
B10,9,F6,100
D7,9,F6,100
D16,9,F7,100
D5,9,F7,100
C20,9,F8,100
B3,9,F8,100
K13,9,F9,100
F17,9,F9,100
A1,9,F10,100
D13,9,F10,100
F15,9,F11,100
F2,9,F11,100
M19,9,F12,100
O21,9,F12,100
E1,9,F13,100
N22,9,F13,100
I6,9,F14,100
B12,9,F14,100
F8,9,F15,100
M4,9,F15,100
I24,9,F16,100
O14,9,F16,100
G3,9,F17,100
H23,9,F17,100
N3,9,F18,100
F13,9,F18,100
C21,9,F19,100
I14,9,F19,100
M24,9,F20,100
K9,9,F20,100
I14,9,F21,100
L5,9,F21,100
D5,9,F22,100
M4,9,F22,100
E5,9,F23,100
H9,9,F23,100
B5,9,G2,100
K6,9,G2,100
O22,9,G3,100
J3,9,G3,100
N6,9,G4,100
L5,9,G4,100
L13,9,G5,100
E4,9,G5,100
E15,9,G6,100
E13,9,G6,100
N4,9,G7,100
O9,9,G7,100
B1,9,G8,100
C18,9,G8,100
E3,9,G9,100
L13,9,G9,100
M11,9,G10,100
H7,9,G10,100
O1,9,G11,100
A23,9,G11,100
N15,9,G12,100
G15,9,G12,100
B4,9,G13,100
K7,9,G13,100
B22,9,G14,100
C22,9,G14,100
M3,9,G15,100
L22,9,G15,100
K22,9,G16,100
L1,9,G16,100
N1,9,G17,100
B21,9,G17,100
O12,9,G18,100
D14,9,G18,100
D21,9,G19,100
D4,9,G19,100
K21,9,G20,100
J16,9,G20,100
C17,9,G21,100
D1,9,G21,100
O17,9,G22,100
O1,9,G22,100
E14,9,G23,100
K8,9,G23,100
F8,9,H2,100
E6,9,H2,100
O7,9,H3,100
D7,9,H3,100
F24,9,H4,100
A10,9,H4,100
D4,9,H5,100
G4,9,H5,100
B14,9,H6,100
B19,9,H6,100
L24,9,H7,100
A22,9,H7,100
J12,9,H8,100
H14,9,H8,100
K19,9,H9,100
D1,9,H9,100
O11,9,H10,100
E13,9,H10,100
K12,9,H11,100
M11,9,H11,100
M15,9,H12,100
M14,9,H12,100
I6,9,H13,100
B18,9,H13,100
H19,9,H14,100
N23,9,H14,100
E2,9,H15,100
F6,9,H15,100
P19,9,H16,100
P24,9,H16,100
F6,9,H17,100
K7,9,H17,100
H1,9,H18,100
I14,9,H18,100
B5,9,H19,100
I11,9,H19,100
D10,9,H20,100
B1,9,H20,100
O22,9,H21,100
L18,9,H21,100
C15,9,H22,100
H14,9,H22,100
A7,9,H23,100
D1,9,H23,100
E12,9,I2,100
A2,9,I2,100
H17,9,I3,100
P23,9,I3,100
B7,9,I4,100
L22,9,I4,100
H20,9,I5,100
D11,9,I5,100
F7,9,I6,100
M4,9,I6,100
H21,9,I7,100
F4,9,I7,100
L15,9,I8,100
L10,9,I8,100
C8,9,I9,100
B24,9,I9,100
C22,9,I10,100
D24,9,I10,100
D12,9,I11,100
F5,9,I11,100
L10,9,I12,100
G7,9,I12,100
B11,9,I13,100
F23,9,I13,100
B4,9,I14,100
B13,9,I14,100
D21,9,I15,100
J17,9,I15,100
I12,9,I16,100
B13,9,I16,100
H10,9,I17,100
G1,9,I17,100
J3,9,I18,100
N21,9,I18,100
C8,9,I19,100
G24,9,I19,100
I4,9,I20,100
M11,9,I20,100
M21,9,I21,100
B10,9,I21,100
N3,9,I22,100
D17,9,I22,100
C3,9,I23,100
G10,9,I23,100
M22,9,J2,100
G4,9,J2,100
L1,9,J3,100
B11,9,J3,100
L15,9,J4,100
K3,9,J4,100
E11,9,J5,100
P15,9,J5,100
D23,9,J6,100
H4,9,J6,100
E21,9,J7,100
D6,9,J7,100
P20,9,J8,100
I11,9,J8,100
C8,9,J9,100
H11,9,J9,100
B8,9,J10,100
H1,9,J10,100
C12,9,J11,100
M7,9,J11,100
D8,9,J12,100
C21,9,J12,100
A22,9,J13,100
M22,9,J13,100
D10,9,J14,100
P18,9,J14,100
K5,9,J15,100
P22,9,J15,100
